id	scale	lang	placement	tags	text	wav	n_samples	sample_rate	seconds
small_en_combined_superhappy_01	small	en	combined	super happy,pitch up	[super happy] [pitch up] You got into your dream school!	en/small_en_combined_superhappy_01.wav	94208	44100	2.136
small_en_leading_sad_01	small	en	leading	sad	[sad] I didn't think saying goodbye would be this hard.	en/small_en_leading_sad_01.wav	124928	44100	2.833
small_en_mid_gasp_01	small	en	mid	gasp	She opened the box and [gasp] it was the ring.	en/small_en_mid_gasp_01.wav	145408	44100	3.297
small_en_multi_angry_01	small	en	multi	angry,sad,soft	[angry] You lied to me. [sad] After everything. [soft] I just need space.	en/small_en_multi_angry_01.wav	172032	44100	3.901
small_en_neutral_neutral_01	small	en	neutral		The bakery on Fifth opens at seven on weekdays.	en/small_en_neutral_neutral_01.wav	143360	44100	3.251
reply_en_per_sentence_sad_01	reply	en	per_sentence	sad,sigh,soft	[sad] I wasn't able to recover the deleted file. [sigh] The backup hadn't run since Tuesday. [soft] But I can help you rebuild it step by step.	en/reply_en_per_sentence_sad_01.wav	364544	44100	8.266
small_en_special_laugh_01	small	en	special	laugh	He tripped over the cat, caught the lamp [laugh], and bowed like it was planned.	en/small_en_special_laugh_01.wav	223232	44100	5.062
small_en_trailing_sigh_01	small	en	trailing	sigh	I've reread the same paragraph six times now [sigh].	en/small_en_trailing_sigh_01.wav	157696	44100	3.576
small_en_wrap_pitchup_01	small	en	wrap	pitch up	And the winner is [pitch up] you!	en/small_en_wrap_pitchup_01.wav	71680	44100	1.625
small_en_combined_whispersmallvo_01	small	en	combined	whisper in a small voice,trembling voice	[whisper in a small voice] [trembling voice] Someone's standing at the end of the hall.	en/small_en_combined_whispersmallvo_01.wav	86016	44100	1.950
small_en_leading_surprised_01	small	en	leading	surprised	[surprised] There's a tiny kitten asleep in my boot.	en/small_en_leading_surprised_01.wav	129024	44100	2.926
small_en_mid_excited_01	small	en	mid	excited	The phone buzzed and [excited] we'd won the contest!	en/small_en_mid_excited_01.wav	122880	44100	2.786
chapter_en_arc_05	chapter	en	multi	excited,surprised,sad,soft	[excited] We had planned the proposal for months, down to the exact bend in the coastal path where the sunset would frame the cliffs. I'd hidden the ring, bribed the waiter, and rehearsed my speech until the words felt smooth as river stones. [surprised] But when we reached the spot, she was already crying, and for one dizzy heartbeat I thought I had somehow given it all away. [sad] Through her tears she told me her grandmother, the woman who raised her, had passed that very morning, and that she had nearly cancelled our walk. [soft] So I put the ring back in my pocket and simply held her against the wind, and I told her the question would keep, and that there was no view in the world more important than her being heard right then.	en/chapter_en_arc_05.wav	1859584	44100	42.167
small_en_neutral_neutral_02	small	en	neutral		Mix two cups of flour with a pinch of salt.	en/small_en_neutral_neutral_02.wav	102400	44100	2.322
chapter_en_arc_02	chapter	en	per_sentence	soft,sad,trembling voice,sigh,excited	[soft] The hospital corridor was quiet at three in the morning, the kind of quiet that has weight to it. I sat with my coffee going cold and watched the second hand crawl around the clock above the nurses' station. [sad] My mother had been in that room for nine days, and each day she said a little less, until words became a luxury neither of us could afford. [trembling voice] When the doctor came out, I could not read her face, and the gap between her first step and her first word felt like falling. [sigh] She told me the fever had broken, that the worst had passed, that my mother had asked for toast and complained about the pillows. [excited] I laughed so loudly that a nurse shushed me, and I did not care one bit, because for the first time in over a week the future had a door in it again.	en/chapter_en_arc_02.wav	1761280	44100	39.938
small_en_special_chuckle_01	small	en	special	chuckle	You really named the goldfish Sir Reginald [chuckle] the Third?	en/small_en_special_chuckle_01.wav	178176	44100	4.040
small_en_trailing_laugh_01	small	en	trailing	laugh	And then the dog stole the entire roast [laugh].	en/small_en_trailing_laugh_01.wav	141312	44100	3.204
small_en_wrap_whispering_01_s2	small	en	wrap	whispering	Please be [whispering] very quiet now.	en/small_en_wrap_whispering_01_s2.wav	71680	44100	1.625
small_en_combined_hurrytone_01_s2	small	en	combined	in a hurry tone,excited	[in a hurry tone] [excited] Come on, the parade is starting!	en/small_en_combined_hurrytone_01_s2.wav	71680	44100	1.625
small_en_leading_whispers_01	small	en	leading	whispers	[whispers] The baby just fell asleep, so tread lightly.	en/small_en_leading_whispers_01.wav	122880	44100	2.786
reply_en_mid_whispers_01	reply	en	mid	whispers	Everyone else is still in the meeting, so [whispers] I'll send you the summary quietly before they notice.	en/reply_en_mid_whispers_01.wav	256000	44100	5.805
small_en_multi_happy_01_s2	small	en	multi	happy,surprised,laughing	[happy] You came! [surprised] Wait, is that a cake? [laughing] You remembered!	en/small_en_multi_happy_01_s2.wav	249856	44100	5.666
small_en_neutral_neutral_03	small	en	neutral		The train to the coast leaves from platform nine.	en/small_en_neutral_neutral_03.wav	131072	44100	2.972
reply_en_per_sentence_excited_01_s2	reply	en	per_sentence	excited,happy,laughing	[excited] Your code finally compiled! [happy] Every test is passing now. [laughing] I knew that missing semicolon was the culprit.	en/reply_en_per_sentence_excited_01_s2.wav	364544	44100	8.266
reply_en_special_laugh_01	reply	en	special	laugh	So I followed your recipe exactly, and the soufflé rose beautifully [laugh] right before it collapsed into the oven.	en/reply_en_special_laugh_01.wav	274432	44100	6.223
small_en_trailing_whispers_01	small	en	trailing	whispers	Don't tell anyone, but I ate the last cookie [whispers].	en/small_en_trailing_whispers_01.wav	131072	44100	2.972
small_en_wrap_shouting_01_s2	small	en	wrap	shouting	I told you to [shouting] stop the car!	en/small_en_wrap_shouting_01_s2.wav	96256	44100	2.183
reply_en_combined_hurrytone_01_s2	reply	en	combined	in a hurry tone,excited	[in a hurry tone] [excited] Grab your coat, the northern lights are out and they won't last long!	en/reply_en_combined_hurrytone_01_s2.wav	200704	44100	4.551
reply_en_leading_soft_01	reply	en	leading	soft	[soft] That sounds like a really rough week. Take your time, and tell me whatever feels most pressing first.	en/reply_en_leading_soft_01.wav	274432	44100	6.223
small_en_mid_fearful_01_s2	small	en	mid	fearful	I was halfway down the trail when [fearful] something growled.	en/small_en_mid_fearful_01_s2.wav	135168	44100	3.065
small_en_multi_excited_01_s2	small	en	multi	excited,fearful,whispering	[excited] We made it to the cave! [fearful] Did you hear that? [whispering] Stay close.	en/small_en_multi_excited_01_s2.wav	167936	44100	3.808
reply_en_neutral_neutral_01	reply	en	neutral		I've scheduled the meeting for ten on Thursday and sent invites to the whole team.	en/reply_en_neutral_neutral_01.wav	208896	44100	4.737
reply_en_per_sentence_surprised_01_s2	reply	en	per_sentence	surprised,happy,excited	[surprised] Wait, you ran a marathon? [happy] That is genuinely incredible. [excited] Tell me everything about the finish line!	en/reply_en_per_sentence_surprised_01_s2.wav	278528	44100	6.316
small_en_special_sighing_01_s2	small	en	special	sighing	I packed everything, double-checked the list [sighing], and still forgot my charger.	en/small_en_special_sighing_01_s2.wav	202752	44100	4.598
reply_en_trailing_chuckle_01	reply	en	trailing	chuckle	I tried your shortcut and somehow ended up with thirty browser tabs open [chuckle].	en/reply_en_trailing_chuckle_01.wav	258048	44100	5.851
reply_en_wrap_one_word_20	reply	en	wrap	whispers	The whole hall went quiet when the curator lifted the cloth, and someone behind me said [whispers] extraordinary, and that was the only word anyone managed for a good ten seconds.	en/reply_en_wrap_one_word_20.wav	485376	44100	11.006
reply_en_combined_softsad_20	reply	en	combined	soft,sad	[soft] [sad] I found his handwriting in the margin of the cookbook, just a note about using less salt. Such an ordinary thing to leave behind, and I couldn't put the book down for an hour.	en/reply_en_combined_softsad_20.wav	495616	44100	11.238
small_en_leading_excited_01_s2	small	en	leading	excited	[excited] We finally got the keys to our first house!	en/small_en_leading_excited_01_s2.wav	147456	44100	3.344
small_en_mid_disdainful_01_s2	small	en	mid	disdainful	He called it gourmet but [disdainful] it was a frozen burrito.	en/small_en_mid_disdainful_01_s2.wav	145408	44100	3.297
reply_en_multi_fearful_01_s2	reply	en	multi	fearful,surprised,happy	[fearful] The smoke alarm went off at midnight. [surprised] Turns out it was just the toaster. [happy] Crisis averted, breakfast saved.	en/reply_en_multi_fearful_01_s2.wav	319488	44100	7.245
reply_en_neutral_neutral_02	reply	en	neutral		To reset your password, open settings, choose security, and select change password.	en/reply_en_neutral_neutral_02.wav	288768	44100	6.548
chapter_en_arc_01_s2	chapter	en	per_sentence	happy,surprised,fearful,sighing	[happy] The morning of the village fair began like a painting, all yellow light and the smell of fresh bread drifting between the stalls. Children chased ribbons down the lane while old men argued cheerfully over the price of plums. [surprised] Then a shout rolled in from the river road, sharp and out of place, and every head turned at once. [fearful] Word spread that the old bridge had buckled under the weight of a loaded cart, and somewhere beneath the splintered timbers a child was crying. [sighing] For a long moment nobody moved, the whole fair holding its breath as the water churned brown and angry. [happy] Then the blacksmith waded in to his waist, lifted the boy free, and raised him dripping above the crowd, and the cheer that broke loose shook the apple carts. By dusk the fiddles were out again, and the fair felt less like a celebration and more like a thanksgiving.	en/chapter_en_arc_01_s2.wav	2248704	44100	50.991
reply_en_special_laugh_20	reply	en	special	laugh	So he stands up to give this very serious toast, taps the glass, clears his throat, and the entire bottom of the glass falls off onto the table [laugh] and he just carries on with the speech holding the stem.	en/reply_en_special_laugh_20.wav	628736	44100	14.257
small_en_trailing_sarcastic_01_s2	small	en	trailing	sarcastic	Sure, traffic at five on a Friday, what a treat [sarcastic].	en/small_en_trailing_sarcastic_01_s2.wav	129024	44100	2.926
reply_en_wrap_name_20	reply	en	wrap	soft	They read the list of names slowly, one after another, and when they reached [soft] Margaret, the man in the front row finally lowered his head.	en/reply_en_wrap_name_20.wav	364544	44100	8.266
reply_en_combined_fastexcited_20	reply	en	combined	fast,excited	[fast] [excited] Right, so the taxi's outside, the passports are in the blue bag, I've already checked us in, and if we leave in the next four minutes we make the early train instead of the late one.	en/reply_en_combined_fastexcited_20.wav	407552	44100	9.242
small_en_leading_angry_01_s2	small	en	leading	angry	[angry] You read my journal without even asking?	en/small_en_leading_angry_01_s2.wav	94208	44100	2.136
reply_en_mid_sarcastic_01_s2	reply	en	mid	sarcastic	I rebooted the router three times and checked every cable, and naturally [sarcastic] it started working the moment the technician called back.	en/reply_en_mid_sarcastic_01_s2.wav	307200	44100	6.966
chapter_en_arc_04_s2	chapter	en	multi	whispering,fearful,shouting,laughing	The lighthouse had been dark for forty years, and the four of us crept up its spiral stairs on a dare we already regretted. [whispering] Keep your voices down, I told them, as if the building itself were sleeping and we might wake it. The steps groaned underfoot and the salt wind found every crack in the walls. [fearful] Halfway up, a door slammed somewhere above us with no wind to explain it, and Tom grabbed my sleeve so hard he nearly pulled us both down the stairs. We froze, hearts hammering, listening to footsteps that might have been our own echo or might not. [shouting] Run, somebody yelled, and suddenly we were all yelling, tumbling down the spiral in a tangle of elbows and flashlights. [laughing] We spilled out onto the rocks gasping, and once we realized the slamming door had only been an old shutter, we laughed until we cried, the fear washing out of us with the tide.	en/chapter_en_arc_04_s2.wav	2365440	44100	53.638
chapter_en_arc_06	chapter	en	neutral		The library reading room occupies the eastern wing of the old courthouse, beneath a ceiling of pressed tin that has been painted over so many times the patterns have gone soft at the edges. Long oak tables run the length of the room, each fitted with a brass lamp and a worn leather inlay where generations of elbows have rested. Morning light enters through tall windows on the south wall, crossing the floor in slow rectangles that mark the hours better than any clock. The reference shelves line the north side, arranged by subject and then by date, with the oldest atlases kept in a locked case near the librarian's desk. Visitors are asked to sign the register at the entrance, to keep their voices low, and to return each volume to the reshelving cart rather than the stacks. In winter the radiators tick and hiss along the baseboards, and the room holds a warmth that makes the afternoons here particularly difficult to leave.	en/chapter_en_arc_06.wav	2582528	44100	58.561
chapter_en_arc_03_s2	chapter	en	per_sentence	sad,sighing,fearful,surprised,happy	[sad] When the factory closed, the whole town seemed to exhale and forget to breathe back in. The diner emptied, the church bell rang to fewer ears, and for-sale signs sprouted on lawns like a slow grey frost. [sighing] My father, who had given thirty years to that line, took to fixing radios in the garage just to keep his hands from going still. [fearful] Some nights I heard him doing the numbers at the kitchen table, the pencil pressing harder and harder, and I learned to walk softly past that doorway. [surprised] Then one spring a stranger bought the empty shell of the plant, not to tear it down but to fill it with workbenches, glassblowers, and the bright noise of people making things again. [happy] My father was the first man through the new doors, and when he came home that evening he was grinning like a boy, sawdust in his hair, talking faster than I had heard him talk in years.	en/chapter_en_arc_03_s2.wav	2369536	44100	53.731
reply_en_special_gasp_20	reply	en	special	gasp	She turned the last corner of the trail expecting more forest, and the whole valley opened up beneath her [gasp] with the lake catching the light all the way to the far ridge.	en/reply_en_special_gasp_20.wav	464896	44100	10.542
reply_en_trailing_sighing_01_s2	reply	en	trailing	sighing	I checked the flights again and prices went up another forty dollars overnight [sighing].	en/reply_en_trailing_sighing_01_s2.wav	227328	44100	5.155
reply_en_wrap_number_20	reply	en	wrap	surprised	I asked the mechanic for a rough estimate, bracing myself, and he looked at the engine for a moment and said [surprised] forty, which is not a number I was prepared for in either direction.	en/reply_en_wrap_number_20.wav	413696	44100	9.381
reply_en_combined_whisperfear_20	reply	en	combined	whispers,fearful	[whispers] [fearful] There's someone on the landing. I can hear the floorboard by the airing cupboard, the one that always goes. Don't turn the light on yet.	en/reply_en_combined_whisperfear_20.wav	333824	44100	7.570
reply_en_leading_happy_01_s2	reply	en	leading	happy	[happy] Of course I can help with that! Let's start by listing what you already have, and I'll fill in the rest.	en/reply_en_leading_happy_01_s2.wav	284672	44100	6.455
reply_en_mid_surprised_20	reply	en	mid	surprised	I opened the letter expecting another rejection, and [surprised] it was an acceptance with a full scholarship attached. I had to sit down on the stairs and read it twice before it registered.	en/reply_en_mid_surprised_20.wav	471040	44100	10.681
reply_en_multi_joy_grief_20	reply	en	multi	excited,sad,soft	[excited] The results came back clear, completely clear, and I actually shouted in the corridor. [sad] Then I remembered that Anna got her results the same week last year and hers weren't. [soft] So I sat in the car for a while before I drove home.	en/reply_en_multi_joy_grief_20.wav	692224	44100	15.697
reply_en_neutral_20	reply	en	neutral		The library moved its reference section to the second floor over the summer. The reading room stays open until eight on weekdays now, and the microfilm machines have been replaced with two scanning stations near the window.	en/reply_en_neutral_20.wav	563200	44100	12.771
reply_en_per_sentence_arc_20	reply	en	per_sentence	soft,surprised,excited	[soft] The envelope had been sitting behind the clock since March. [surprised] Inside was a photograph I'd never seen, of my mother at about nineteen, laughing at something off-camera. [excited] And on the back, in pencil, the name of the street where she met my father.	en/reply_en_per_sentence_arc_20.wav	634880	44100	14.396
reply_en_special_sigh_20	reply	en	special	sigh	I rewrote the whole chapter, restructured it, cut four thousand words [sigh] and my editor's only note was that the original opening had been better.	en/reply_en_special_sigh_20.wav	356352	44100	8.081
reply_en_trailing_sigh_20	reply	en	trailing	sigh	The train was cancelled, the replacement bus never came, and by the time I reached the office the meeting had already ended. So that was the entire morning, gone. [sigh]	en/reply_en_trailing_sigh_20.wav	438272	44100	9.938
reply_en_wrap_place_20	reply	en	wrap	excited	He kept saying the destination was a surprise right up until the departure board flipped over and showed [excited] Lisbon, and I made a noise in the middle of the terminal that I'm not proud of.	en/reply_en_wrap_place_20.wav	436224	44100	9.892
reply_en_combined_pitchhappy_20	reply	en	combined	pitch up,super happy	[pitch up] [super happy] They said yes! Not a maybe, not a we'll think about it, an actual unconditional yes, and they want us to start in September!	en/reply_en_combined_pitchhappy_20.wav	358400	44100	8.127
reply_en_leading_excited_20	reply	en	leading	excited	[excited] Okay, so I checked the tracking number three times this morning and it finally moved. It's out for delivery. After six weeks of waiting, the thing is actually going to be on my doorstep tonight.	en/reply_en_leading_excited_20.wav	452608	44100	10.263
reply_en_mid_excited_20	reply	en	mid	excited	We were halfway through the second set when the sound cut out completely, and then [excited] the entire crowd just picked up the chorus and carried it themselves. Two thousand people, no microphones.	en/reply_en_mid_excited_20.wav	438272	44100	9.938
reply_en_multi_anger_calm_20	reply	en	multi	angry,sigh,soft	[angry] I told them the deadline was immovable, I put it in writing, I said it in the meeting. [sigh] And of course it moved anyway. [soft] Honestly, at this point I've stopped expecting anything else.	en/reply_en_multi_anger_calm_20.wav	446464	44100	10.124
reply_en_neutral_21	reply	en	neutral		Add the flour a third at a time and fold it in rather than stirring. The batter should still look slightly uneven when you stop. Overworking it at this stage is what makes the finished cake dense.	en/reply_en_neutral_21.wav	532480	44100	12.074
reply_en_per_sentence_worry_20	reply	en	per_sentence	fearful,trembling voice,soft	[fearful] The call came at twenty past two in the morning. [trembling voice] I couldn't get the words out properly, I just kept asking which hospital. [soft] By the time I arrived he was already awake and complaining about the tea.	en/reply_en_per_sentence_worry_20.wav	499712	44100	11.331
reply_en_special_chuckle_20	reply	en	special	chuckle	My father spent the entire holiday insisting he didn't need a map, we were absolutely going the right way [chuckle] and we ended up in a completely different country than the one we'd booked.	en/reply_en_special_chuckle_20.wav	530432	44100	12.028
reply_en_trailing_laugh_20	reply	en	trailing	laugh	I spent forty minutes searching the house for my glasses, checked every room twice, went through the laundry basket, and then caught my reflection in the hallway mirror. They were on my head the whole time. [laugh]	en/reply_en_trailing_laugh_20.wav	499712	44100	11.331
reply_en_combined_softwhisper_30	reply	en	combined	soft,whisper in a small voice	[soft] [whisper in a small voice] He asked if the dog would still be there when he woke up, and I had to decide in about half a second what kind of answer that question deserved.	en/reply_en_combined_softwhisper_30.wav	370688	44100	8.406
reply_en_leading_sad_20	reply	en	leading	sad	[sad] I went back to the old apartment to pick up the last box. Someone had already repainted the kitchen. It's silly, but standing in that doorway I realized I'd never really said goodbye to the place.	en/reply_en_leading_sad_20.wav	497664	44100	11.285
reply_en_mid_sad_20	reply	en	mid	sad	He kept the shop open right through the winter, and [sad] on the last day he polished every surface before he turned the sign around. Forty-one years, and he wanted it to look right for whoever came next.	en/reply_en_mid_sad_20.wav	477184	44100	10.820
reply_en_multi_fear_relief_20	reply	en	multi	fearful,surprised,happy	[fearful] I couldn't find him anywhere in the park, not by the swings, not by the pond. [surprised] Then a woman tapped my shoulder and pointed at the bandstand. [happy] He was up there conducting an imaginary orchestra, perfectly happy, completely unaware.	en/reply_en_multi_fear_relief_20.wav	571392	44100	12.957
reply_en_neutral_22	reply	en	neutral		The northbound platform is closed for resurfacing until the end of the month. Services are departing from platform four instead, and the lift to the footbridge is out of service, so step-free access is via the side entrance on Mill Street.	en/reply_en_neutral_22.wav	643072	44100	14.582
reply_en_per_sentence_humour_20	reply	en	per_sentence	chuckle,sigh,laugh	[chuckle] I decided this year I'd assemble the furniture myself, how hard could it be. [sigh] Four hours later I had a wardrobe with the doors on the inside. [laugh] And two screws left over that I have chosen not to think about.	en/reply_en_per_sentence_humour_20.wav	593920	44100	13.468
reply_en_special_sniff_30	reply	en	special	breathing heavily	I ran the last kilometre far too fast because I could see the clock over the finish, and I crossed it with nine seconds to spare [breathing heavily] and then couldn't speak to anybody for about a minute.	en/reply_en_special_sniff_30.wav	483328	44100	10.960
reply_en_trailing_happy_20	reply	en	trailing	happy	She learned the whole piece by ear over one weekend, then played it at dinner without telling anyone she'd been practising. Her grandfather didn't say a word, he just sat there with his hand over his mouth. [happy]	en/reply_en_trailing_happy_20.wav	536576	44100	12.167
reply_en_leading_angry_20	reply	en	leading	angry	[angry] They cancelled the whole project in a two-line email. Eight months of work, four people, and not one of them thought a conversation was warranted. I'm not upset about the decision, I'm upset about the cowardice.	en/reply_en_leading_angry_20.wav	591872	44100	13.421
reply_en_mid_angry_20	reply	en	mid	angry	I asked for the report on Monday, I asked again on Wednesday, and [angry] this morning I find out it was finished the whole time and sitting in someone's drafts folder. That is not a scheduling problem.	en/reply_en_mid_angry_20.wav	423936	44100	9.613
reply_en_multi_tense_hopeful_20	reply	en	multi	trembling voice,soft,excited	[trembling voice] The engine wouldn't turn over, and we were forty kilometres from the nearest town. [soft] I sat on the bumper and tried to think it through calmly. [excited] And then a farmer came round the bend in a pickup with a set of jump leads on the passenger seat.	en/reply_en_multi_tense_hopeful_20.wav	622592	44100	14.118
chapter_en_arc_20	chapter	en	per_sentence	soft,fearful,trembling voice,surprised,happy	[soft] The lighthouse had been automated for eleven years, but the keeper's cottage still had its furniture, and every spring someone from the trust came out to check the roof and air the rooms. That year it was Ruth, because nobody else wanted the boat trip. [soft] She landed on a flat grey morning with the sea barely moving, unlocked the cottage, and opened the windows one by one to let the winter out. [fearful] It was on the second afternoon that she found the logbook, wedged behind a drawer that had swollen shut, and the last entry was dated three weeks after the light was supposed to have been left empty. [trembling voice] The handwriting was steady at the top of the page and much less steady by the bottom, and it described a night of weather that the mainland records insisted had never happened. [fearful] She read it twice, put it down, and became extremely aware of how far the boat was, and how the only other sound was the gulls. [surprised] Then she turned the page, and found a second hand entirely, neat and unhurried, explaining that the first writer had been her grandfather, that the storm had been real, and that the mainland had simply lost the record. [happy] Ruth sat on the cottage step with the book open on her knees until the light started to go, reading a man she had never met describing a sea she had crossed that morning, and she decided the roof could wait another day.	en/chapter_en_arc_20.wav	3545088	44100	80.387
reply_en_trailing_soft_20	reply	en	trailing	soft	We walked back along the harbour road with the boats knocking gently against the pontoons, and neither of us said anything for a long while. It didn't need saying. [soft]	en/reply_en_trailing_soft_20.wav	423936	44100	9.613
reply_en_leading_soft_20	reply	en	leading	soft	[soft] She fell asleep about ten minutes into the film, still holding the remote. I didn't want to wake her, so I just turned the volume down and let it play to the end.	en/reply_en_leading_soft_20.wav	438272	44100	9.938
reply_en_mid_gasp_20	reply	en	mid	gasp	He reached into the bottom of the toolbox for a spanner and [gasp] pulled out his grandfather's watch, the one the family had assumed was lost in the move thirty years ago.	en/reply_en_mid_gasp_20.wav	434176	44100	9.845
reply_en_multi_disbelief_20	reply	en	multi	surprised,laugh,happy	[surprised] They called my name and I genuinely thought there'd been a mistake. [laugh] I actually turned around to see if there was another Tom behind me. [happy] There wasn't. It was my name on the certificate and everything.	en/reply_en_multi_disbelief_20.wav	477184	44100	10.820
chapter_en_arc_21	chapter	en	per_sentence	excited,angry,sad,soft,happy	[excited] The bakery opened on a Tuesday with no sign above the door, because the sign had been delayed, and by nine in the morning there was a queue down to the corner anyway. [excited] Word had gone round the estate for a fortnight, and half the people in that queue had watched Dembe scrub the place out through the window every evening after his shift. [angry] The council inspector arrived at eleven and told him the extraction wasn't certified, that the paperwork he'd been promised in March had never been filed, and that he would have to close. [angry] Dembe pointed out, evenly, that he had rung the office six times, that he had a folder of dated letters, and that the queue outside was still growing while they stood there. [sad] It didn't matter. He turned the oven off at midday, went out to the pavement, and explained to about sixty people that there wouldn't be any bread after all. [soft] An older woman near the front said she would come back on Thursday, and then the man behind her said the same, and it went down the line like that until the street was quiet. [soft] He spent the afternoon sitting among the cooling trays with the folder open in front of him, writing a seventh letter, more carefully than the first six. [happy] The certificate came through on the Friday of the following week, and when he opened the door on the Saturday morning the queue was already there, and it was longer.	en/chapter_en_arc_21.wav	3471360	44100	78.716
reply_en_trailing_trembling_20	reply	en	trailing	trembling voice	I had the whole speech written out, I'd practised it in the car, and then I stood up and looked at all of them looking back at me and every single word went straight out of my head. [trembling voice]	en/reply_en_trailing_trembling_20.wav	471040	44100	10.681
reply_en_leading_fearful_20	reply	en	leading	fearful	[fearful] The lights went out on the whole street at once. No hum from the fridge, no streetlamps, nothing. And then I heard the back gate swing open, and I remembered I'd locked it.	en/reply_en_leading_fearful_20.wav	442368	44100	10.031
reply_en_mid_soft_20	reply	en	mid	soft	The nurse showed us how to hold him, with one hand under the head, and [soft] then everyone left the room and it was just the three of us for the first time.	en/reply_en_mid_soft_20.wav	364544	44100	8.266
chapter_en_arc_22	chapter	en	per_sentence	soft,sad,angry,trembling voice,happy	[soft] My grandmother kept every letter my grandfather sent her from sea, in order, in a biscuit tin that smelled faintly of ginger for the rest of its life. [soft] She read them in rotation, a few each winter, and she never once read them out loud to anybody. [sad] When she died the tin went to my aunt, and my aunt put it in a storage unit in Croydon along with the furniture, and then the storage unit was cleared. [angry] Nobody told us. The company sent a notice to an address my aunt had left four years earlier, waited the statutory period, and disposed of the contents entirely legally. [angry] I spent a week on the phone being told, politely and repeatedly, that everything had been done correctly, which was true, and which helped not at all. [trembling voice] What I could not get past was that the letters had survived two wars, nine house moves and a flood, and were lost to an unread envelope. [soft] Then in March my cousin found four of them in a book of hymns that had gone to a different relative, unread, tucked in flat against the back cover. [happy] Four out of what must have been two hundred. We photographed every page that same afternoon, uploaded them twice, and posted a printed set to everyone in the family who might conceivably want one.	en/chapter_en_arc_22.wav	3674112	44100	83.313
reply_en_trailing_surprised_30	reply	en	trailing	surprised	We booked the cheapest room in the place, right at the back, no view, no balcony. They upgraded us at check-in without saying anything, and I only worked it out when I opened the curtains. [surprised]	en/reply_en_trailing_surprised_30.wav	481280	44100	10.913
reply_en_leading_whispers_20	reply	en	leading	whispers	[whispers] Don't move yet. There's a deer at the edge of the clearing, just past the fallen birch, and she hasn't seen us. If we stay exactly where we are she might bring the fawn out.	en/reply_en_leading_whispers_20.wav	456704	44100	10.356
reply_en_mid_chuckle_30	reply	en	mid	chuckle	He insisted he'd fixed the tap himself, showed me the receipt for the parts, and [chuckle] the moment I turned it on the whole thing came away in my hand and hit the ceiling.	en/reply_en_mid_chuckle_30.wav	505856	44100	11.471
chapter_en_arc_23	chapter	en	per_sentence	fearful,fast,surprised,soft,laugh	[fearful] The fire alarm went off at four in the morning in a hotel where none of us spoke the local language and the corridor signage was, generously, ambiguous. [fast] I got the door open, got my brother out of the second bed, grabbed the passports off the desk because that is apparently what my hands decided mattered, and we went down eleven flights of stairs in bare feet. [fast] Half the building was already in the car park, wrapped in duvets, and nobody could find anyone official to ask. [surprised] After about twenty minutes a very calm member of staff came out and explained, in careful English, that a guest on the fourth floor had been smoking under a detector, and that there had never been a fire at any point. [soft] There was a long pause while four hundred people processed that. [soft] Then somebody near the back started laughing, and it spread across the car park in about ten seconds. [laugh] My brother looked down at what he was holding, which was the television remote, and could not explain to me or to himself why he had brought it.	en/chapter_en_arc_23.wav	2570240	44100	58.282
reply_en_leading_sarcastic_20	reply	en	leading	sarcastic	[sarcastic] Oh, brilliant timing. The heating breaks the same week the temperature drops, the plumber can't come until Thursday, and the emergency line plays me a recording about how much they value my custom.	en/reply_en_leading_sarcastic_20.wav	493568	44100	11.192
chapter_en_arc_24	chapter	en	per_sentence	soft,excited,angry,sad,happy	[soft] The village hall had been booked for the exhibition since January, one long room with bad lighting and a floor that had seen forty years of badminton. [excited] Priya had spent three months collecting the photographs, going door to door, borrowing albums from people who had never shown them to anybody outside the family. [excited] By the Friday there were two hundred and eleven prints on the walls, arranged by decade, and a table at the end for anyone who wanted to add a caption in pencil. [angry] On the Saturday morning the hall committee told her the fire officer had been in and the display boards were blocking a secondary exit, and that everything on the east wall would have to come down before opening. [angry] That was sixty photographs, the entire nineteen-seventies, and the people in them were arriving at eleven. [sad] She took them down herself, one at a time, and stacked them face up on the stage where nobody would see them. [soft] Then a man she didn't recognise asked what was in the pile, listened to the whole story, and went out to his van. [happy] He came back with eight folding easels from his sister's wedding business, and by five past eleven the entire nineteen-seventies were standing in the middle of the floor where people had to walk around them, which everyone agreed afterwards had been the better arrangement all along.	en/chapter_en_arc_24.wav	3377152	44100	76.579
reply_en_leading_fast_20	reply	en	leading	fast	[fast] Right, listen, the meeting moved to eleven, the slides still say last quarter's numbers, Priya's stuck on the ring road, and someone needs to tell the client before they dial in and see the wrong deck.	en/reply_en_leading_fast_20.wav	464896	44100	10.542
reply_en_leading_happy_30	reply	en	leading	happy	[happy] The allotment finally paid off this year. We came back from two weeks away expecting a jungle, and instead there were beans up the canes, the tomatoes had gone red on their own, and next door had watered everything without being asked.	en/reply_en_leading_happy_30.wav	624640	44100	14.164
small_de_combined_fast_01	small	de	combined	fast,excited	[fast] [excited] Komm schnell, du musst das sofort sehen!	de/small_de_combined_fast_01.wav	106496	44100	2.415
small_de_leading_excited_01	small	de	leading	excited	[excited] Wir haben die Wohnung bekommen!	de/small_de_leading_excited_01.wav	65536	44100	1.486
small_de_mid_angry_01	small	de	mid	angry	Du hast es mir versprochen [angry] und jetzt das.	de/small_de_mid_angry_01.wav	122880	44100	2.786
small_de_multi_sad_01	small	de	multi	sad,angry,sigh	[sad] Es ist vorbei. [angry] Und das alles wegen ihm. [sigh] Egal jetzt.	de/small_de_multi_sad_01.wav	231424	44100	5.248
small_de_neutral_neutral_01	small	de	neutral		Die Milch ist alle, ich geh schnell einkaufen.	de/small_de_neutral_neutral_01.wav	116736	44100	2.647
reply_de_per_sentence_sad_01	reply	de	per_sentence	sad,angry,sigh	[sad] Er hat nicht mal angerufen. [angry] Nach allem, was ich für ihn getan habe. [sigh] Vielleicht war es einfach nie wirklich ernst gemeint.	de/reply_de_per_sentence_sad_01.wav	319488	44100	7.245
small_de_special_gasp_01	small	de	special	gasp	Ich drehte mich um und [gasp] da war es plötzlich weg.	de/small_de_special_gasp_01.wav	116736	44100	2.647
small_de_trailing_sigh_01	small	de	trailing	sigh	Na gut, dann machen wir es eben so [sigh].	de/small_de_trailing_sigh_01.wav	110592	44100	2.508
small_de_wrap_angry_01	small	de	wrap	angry	Und dann kam dieses eine [angry] Nein.	de/small_de_wrap_angry_01.wav	100352	44100	2.276
small_de_combined_whispering_01_s2	small	de	combined	whispering,fearful	[whispering] [fearful] Da ist jemand draußen im Flur.	de/small_de_combined_whispering_01_s2.wav	81920	44100	1.858
small_de_leading_sad_01	small	de	leading	sad	[sad] Ich vermisse mein altes Zuhause so sehr.	de/small_de_leading_sad_01.wav	122880	44100	2.786
small_de_mid_surprised_01	small	de	mid	surprised	Ich öffne die Tür und [surprised] da stehst du.	de/small_de_mid_surprised_01.wav	108544	44100	2.461
chapter_de_arc_05	chapter	de	multi	fearful,trembling voice,sigh,soft	Der Himmel über der Bucht hatte sich schon am Nachmittag verfärbt, doch keiner von uns wollte es so recht zugeben. Wir warfen die Netze aus wie an jedem anderen Tag, während der Wind langsam auffrischte. [fearful] Als die erste große Welle über die Reling schlug, wussten wir, dass wir viel zu lange gewartet hatten. Das kleine Boot ächzte unter jedem Stoß, und das Wasser stand uns bald bis zu den Knöcheln. Mein Vater brüllte seine Befehle gegen den Sturm, doch seine Stimme ging im Heulen des Windes fast völlig unter. [trembling voice] Ich klammerte mich an das nasse Holz und betete, dass die alten Planken noch eine einzige Stunde halten würden. Stunde um Stunde kämpften wir uns Meter für Meter zurück in Richtung Küste. Und dann, kurz vor Mitternacht, durchbrach das Licht des Leuchtturms endlich die Dunkelheit. [sigh] Als der Kiel zum ersten Mal über den Sand schrammte, brach die ganze Anspannung mit einem Schlag aus mir heraus. [soft] Wir lagen erschöpft am Strand, lebendig, und mein Vater legte mir wortlos den Arm um die Schulter.	de/chapter_de_arc_05.wav	2547712	44100	57.771
small_de_neutral_neutral_02	small	de	neutral		Der Bus kommt in zehn Minuten an der Ecke.	de/small_de_neutral_neutral_02.wav	116736	44100	2.647
chapter_de_arc_02	chapter	de	per_sentence	sad,soft,trembling voice,angry,sigh,whispers	[sad] Das Haus ist still geworden, seit du nicht mehr da bist. [soft] Morgens decke ich aus reiner Gewohnheit noch immer zwei Tassen auf den Tisch. [trembling voice] Manchmal glaube ich, deine Schritte im Flur zu hören, und für einen Moment vergesse ich alles. [angry] Es macht mich wütend, dass niemand mich gewarnt hat, dass es so schnell gehen würde. [sad] Ich habe so vieles aufgeschoben, so viele Gespräche, die wir nie geführt haben. [sigh] Gestern habe ich endlich deinen alten Mantel aus dem Schrank genommen und ihn ans Fenster gehängt. [soft] Er riecht noch immer nach dir, nach Tabak und nach diesem alten Parfüm. [whispers] Und auf einmal war es gar nicht mehr traurig, sondern fast schon tröstlich. [sad] Ich weiß, dass die Tage nicht leichter werden, jedenfalls nicht so bald. [soft] Aber heute habe ich zum ersten Mal seit Wochen wieder im Garten gesessen und der Amsel zugehört. [sigh] Vielleicht ist das der Anfang, ganz langsam, Schritt für Schritt zurück ins Leben.	de/chapter_de_arc_02.wav	2611200	44100	59.211
reply_de_special_laugh_01	reply	de	special	laugh	Er stand auf der Bühne, vergaß komplett seinen Text und sagte dann einfach [laugh] guten Abend. Das Publikum war trotzdem begeistert.	de/reply_de_special_laugh_01.wav	315392	44100	7.152
small_de_trailing_whispers_01	small	de	trailing	whispers	Schlaf jetzt, es ist alles gut [whispers].	de/small_de_trailing_whispers_01.wav	137216	44100	3.111
small_de_wrap_whispering_01_s2	small	de	wrap	whispering	Das war sein allerletztes [whispering] Wort.	de/small_de_wrap_whispering_01_s2.wav	94208	44100	2.136
small_de_combined_hurrytone_01_s2	small	de	combined	in a hurry tone,panting	[in a hurry tone] [panting] Ich hab den Bus gerade noch erwischt.	de/small_de_combined_hurrytone_01_s2.wav	94208	44100	2.136
reply_de_leading_happy_01	reply	de	leading	happy	[happy] Ich hab die Prüfung bestanden! Mit einer Eins sogar. Ich kann es selbst kaum glauben.	de/reply_de_leading_happy_01.wav	235520	44100	5.341
reply_de_mid_excited_01	reply	de	mid	excited	Wir sind gerade angekommen und [excited] du glaubst nicht, wie schön es hier ist. Das Meer liegt direkt vor der Haustür.	de/reply_de_mid_excited_01.wav	301056	44100	6.827
small_de_multi_happy_01_s2	small	de	multi	happy,surprised,laughing	[happy] Ich hab den Job! [surprised] Moment, du auch? [laughing] Das ist ja unglaublich!	de/small_de_multi_happy_01_s2.wav	251904	44100	5.712
small_de_neutral_neutral_03	small	de	neutral		Häng bitte die Wäsche raus, es soll später regnen.	de/small_de_neutral_neutral_03.wav	131072	44100	2.972
reply_de_per_sentence_happy_01_s2	reply	de	per_sentence	happy,excited,laughing	[happy] Wir haben es endlich geschafft. [excited] Nächste Woche ziehen wir in die neue Wohnung ein. [laughing] Ich kann nachts schon gar nicht mehr schlafen vor lauter Vorfreude.	de/reply_de_per_sentence_happy_01_s2.wav	444416	44100	10.077
small_de_special_laughing_01_s2	small	de	special	laughing	Und dann [laughing] fiel ihm der ganze Teller runter.	de/small_de_special_laughing_01_s2.wav	100352	44100	2.276
reply_de_trailing_sigh_01	reply	de	trailing	sigh	Es war ein wirklich langer Tag, und ehrlich gesagt bin ich jetzt völlig am Ende [sigh].	de/reply_de_trailing_sigh_01.wav	215040	44100	4.876
small_de_wrap_shouting_01_s2	small	de	wrap	shouting	Sie rief nur ein einziges [shouting] Halt!	de/small_de_wrap_shouting_01_s2.wav	94208	44100	2.136
reply_de_combined_whispering_01_s2	reply	de	combined	whispering,fearful	[whispering] [fearful] Ich glaube, da unten ist jemand. Hörst du die leisen Schritte im Keller?	de/reply_de_combined_whispering_01_s2.wav	178176	44100	4.040
small_de_leading_happy_01_s2	small	de	leading	happy	[happy] Endlich Wochenende, ich freu mich riesig!	de/small_de_leading_happy_01_s2.wav	98304	44100	2.229
small_de_mid_sighing_01_s2	small	de	mid	sighing	Ich hab den ganzen Tag gewartet [sighing] und nichts ist passiert.	de/small_de_mid_sighing_01_s2.wav	198656	44100	4.505
small_de_multi_excited_01_s2	small	de	multi	excited,in a hurry tone	[excited] Pack die Koffer! [in a hurry tone] Der Zug fährt gleich ab!	de/small_de_multi_excited_01_s2.wav	137216	44100	3.111
reply_de_neutral_neutral_01	reply	de	neutral		Klar, ich hol dich um acht ab. Schreib mir einfach kurz, falls sich noch was ändert.	de/reply_de_neutral_neutral_01.wav	206848	44100	4.690
reply_de_per_sentence_surprised_01_s2	reply	de	per_sentence	surprised,happy,chuckling	[surprised] Du bist ja tatsächlich gekommen. [happy] Ich hab so sehr gehofft, dass du es schaffst. [chuckling] Und jetzt steh ich hier und weiß gar nicht, was ich sagen soll.	de/reply_de_per_sentence_surprised_01_s2.wav	436224	44100	9.892
small_de_special_sighing_01_s2	small	de	special	sighing	Na ja [sighing] man kann eben nicht alles haben.	de/small_de_special_sighing_01_s2.wav	165888	44100	3.762
small_de_trailing_sobbing_01_s2	small	de	trailing	sobbing	Sie ist heute Morgen einfach gegangen [sobbing].	de/small_de_trailing_sobbing_01_s2.wav	98304	44100	2.229
reply_de_wrap_one_word_20	reply	de	wrap	whispers	Im ganzen Saal wurde es still, als der Kurator das Tuch anhob, und jemand hinter mir sagte [whispers] außergewöhnlich, und das war für gut zehn Sekunden das einzige Wort, das jemand zustande brachte.	de/reply_de_wrap_one_word_20.wav	557056	44100	12.632
reply_de_combined_softsad_20	reply	de	combined	soft,sad	[soft] [sad] Ich habe seine Handschrift am Rand des Kochbuchs gefunden, nur eine Notiz, man solle weniger Salz nehmen. So eine gewöhnliche Sache, die einer hinterlässt, und ich konnte das Buch eine Stunde lang nicht weglegen.	de/reply_de_combined_softsad_20.wav	565248	44100	12.817
small_de_leading_angry_01_s2	small	de	leading	angry	[angry] Das geht jetzt wirklich zu weit.	de/small_de_leading_angry_01_s2.wav	59392	44100	1.347
small_de_mid_laughing_01_s2	small	de	mid	laughing	Er ist mitten im Satz [laughing] eingeschlafen.	de/small_de_mid_laughing_01_s2.wav	108544	44100	2.461
reply_de_multi_excited_01_s2	reply	de	multi	excited,surprised,laughing	[excited] Wir haben gewonnen! [surprised] Hast du das gerade gesehen? [laughing] Ich glaub es einfach nicht!	de/reply_de_multi_excited_01_s2.wav	200704	44100	4.551
reply_de_neutral_neutral_02	reply	de	neutral		Das Paket ist heute gekommen. Ich hab es beim Nachbarn abgegeben, weil du ja nicht da warst.	de/reply_de_neutral_neutral_02.wav	245760	44100	5.573
chapter_de_arc_01_s2	chapter	de	per_sentence	happy,excited,sighing,fearful,whispering,chuckling,sobbing,laughing	[happy] Heute ist der Tag, von dem ich seit Monaten geträumt habe. [excited] Schon seit dem Morgengrauen stehe ich am Fenster und schaue zu, wie die Sonne langsam über die Dächer steigt. [sighing] Und trotzdem zittern mir die Hände, während ich versuche, die Krawatte zu binden. [fearful] Was, wenn ich im falschen Moment die Worte vergesse, wenn meine Stimme mich vor allen Gästen im Stich lässt? [whispering] Meine Mutter legt mir die Hand auf die Schulter und sagt, ich solle einfach nur atmen. [chuckling] Dabei kennt sie mich gut genug, um zu wissen, dass ich genau das noch nie gekonnt habe. [happy] Dann höre ich die Musik im Garten, die ersten Gäste lachen, und plötzlich ist alle Angst wie weggeblasen. [sobbing] Als ich sie am Ende des Weges stehen sehe, in diesem weißen Kleid, kann ich die Tränen nicht mehr zurückhalten. [laughing] Und sie, mein Gott, sie strahlt über das ganze Gesicht und formt mit den Lippen ein lautloses Endlich. [happy] Heute beginnt unser gemeinsames Leben, und ich bin bereit für jeden einzelnen Tag, der kommt.	de/chapter_de_arc_01_s2.wav	2473984	44100	56.099
reply_de_special_laugh_20	reply	de	special	laugh	Er steht also auf für diesen sehr feierlichen Toast, klopft ans Glas, räuspert sich, und der ganze Boden des Glases fällt auf den Tisch [laugh] und er hält die Rede einfach weiter, mit dem Stiel in der Hand.	de/reply_de_special_laugh_20.wav	636928	44100	14.443
small_de_trailing_excited_01_s2	small	de	trailing	excited	Morgen fahren wir endlich ans Meer [excited]!	de/small_de_trailing_excited_01_s2.wav	116736	44100	2.647
reply_de_wrap_name_20	reply	de	wrap	soft	Sie haben die Namen langsam vorgelesen, einen nach dem anderen, und als sie bei [soft] Margarethe ankamen, senkte der Mann in der ersten Reihe endlich den Kopf.	de/reply_de_wrap_name_20.wav	364544	44100	8.266
reply_de_combined_fastexcited_20	reply	de	combined	fast,excited	[fast] [excited] Also, das Taxi steht unten, die Pässe sind in der blauen Tasche, ich habe uns schon eingecheckt, und wenn wir in den nächsten vier Minuten losfahren, schaffen wir den frühen Zug statt des späten.	de/reply_de_combined_fastexcited_20.wav	477184	44100	10.820
small_de_leading_surprised_01_s2	small	de	leading	surprised	[surprised] Du bist ja schon zurück!	de/small_de_leading_surprised_01_s2.wav	57344	44100	1.300
reply_de_mid_whispering_01_s2	reply	de	mid	whispering	Ich wollte dir nur kurz Bescheid geben, [whispering] aber bitte erzähl es noch keinem weiter. Es ist nämlich noch nicht offiziell.	de/reply_de_mid_whispering_01_s2.wav	315392	44100	7.152
chapter_de_arc_04_s2	chapter	de	multi	fearful,sighing,excited,laughing	Ich saß im Wartezimmer und starrte auf meine Bewerbungsmappe, die ich zum hundertsten Mal durchblätterte. Die anderen Kandidaten wirkten alle so selbstsicher, so makellos in ihren dunklen Anzügen. [fearful] Mit jeder Minute, die verging, wuchs der Knoten in meinem Magen, und ich war kurz davor, einfach aufzustehen und zu gehen. Doch dann rief jemand meinen Namen, und es gab kein Zurück mehr. Die Fragen kamen schnell und hart, und zweimal verhaspelte ich mich so sehr, dass ich dachte, jetzt sei endgültig alles vorbei. [sighing] In der Pause vor der letzten Frage glaubte ich fest daran, dass ich es vermasselt hatte. Doch als ich von meinem eigenen Projekt erzählte, von den vielen Nächten, die ich daran gesessen hatte, veränderte sich etwas im Raum. Die Frau mir gegenüber lehnte sich vor und begann zu lächeln. [excited] Und als sie mir am Ende die Hand reichte und Willkommen im Team sagte, hätte ich vor Freude laut schreien können. [laughing] Auf dem ganzen Heimweg rief ich sofort meine Schwester an und konnte vor lauter Lachen kaum ein Wort sprechen.	de/chapter_de_arc_04_s2.wav	3022848	44100	68.545
chapter_de_arc_06	chapter	de	neutral		Der kleine Markt am Stadtrand öffnet jeden Samstag schon kurz nach sieben. Die Händler bauen ihre Stände in der Morgendämmerung auf, während die ersten Lieferwagen über das holprige Pflaster rumpeln. An der Ecke verkauft eine ältere Frau Honig und selbst gemachte Marmelade aus ihrem eigenen Garten. Daneben stapeln sich Kisten mit Äpfeln, Kürbissen und frischem Gemüse aus der Umgebung. Der Bäcker zwei Stände weiter hat schon am Vorabend mit dem Backen begonnen, und der Duft von warmem Brot zieht über den ganzen Platz. Gegen neun Uhr füllt sich der Markt mit Menschen, die in aller Ruhe von Stand zu Stand schlendern. Man grüßt sich, bleibt stehen, tauscht ein paar Worte über das Wetter und die Ernte aus. Kinder laufen zwischen den Tischen umher und bekommen hier ein Stück Apfel, dort eine Probe Käse. Wenn der Markt am Mittag wieder schließt, bleibt nur der Geruch von Kaffee und nassem Laub auf dem leeren Platz zurück.	de/chapter_de_arc_06.wav	2390016	44100	54.195
chapter_de_arc_03_s2	chapter	de	per_sentence	excited,happy,chuckling,in a hurry tone,surprised,fearful,laughing,sighing	[excited] An jenem Sommer beschlossen wir, dass dies das Jahr unseres großen Abenteuers werden würde. [happy] Wir packten zwei alte Rucksäcke mit Broten, einer Taschenlampe und einer Landkarte, die mein Bruder selbst gezeichnet hatte. [chuckling] Natürlich stimmte auf dieser Karte so gut wie nichts, aber das merkten wir erst sehr viel später. [in a hurry tone] Im Morgengrauen schlichen wir aus dem Haus, bevor die Eltern aufwachten, und rannten den Feldweg hinunter. [surprised] Mitten im Wald stießen wir plötzlich auf eine alte, halb verfallene Hütte, von der uns niemand je erzählt hatte. [fearful] Eine ganze Weile trauten wir uns nicht hinein, denn jedes Knacken im Unterholz klang wie ein Ungeheuer. [laughing] Am Ende war es nur ein verschreckter Igel, der genauso erschrak wie wir. [happy] Wir verbrachten den ganzen Tag dort, bauten ein Lager und erfanden Geschichten über Schätze und Piraten. [sighing] Als die Sonne unterging, traten wir den langen Heimweg an, müde und voller Schrammen. [happy] Bis heute ist es der schönste Tag meiner Kindheit, und ich würde alles geben, ihn noch einmal zu erleben.	de/chapter_de_arc_03_s2.wav	3139584	44100	71.192
reply_de_special_gasp_20	reply	de	special	gasp	Sie bog um die letzte Kurve des Weges und rechnete mit noch mehr Wald, und dann öffnete sich das ganze Tal unter ihr [gasp] und der See fing das Licht bis hinüber zum letzten Grat.	de/reply_de_special_gasp_20.wav	520192	44100	11.796
reply_de_trailing_sighing_01_s2	reply	de	trailing	sighing	Mach dir keine Sorgen, ich kümmere mich um alles. Geh du jetzt einfach schlafen [sighing].	de/reply_de_trailing_sighing_01_s2.wav	321536	44100	7.291
reply_de_wrap_number_20	reply	de	wrap	surprised	Ich habe den Mechaniker um eine grobe Schätzung gebeten und mich innerlich gewappnet, und er sah kurz auf den Motor und sagte [surprised] vierzig, was in keiner Richtung eine Zahl war, auf die ich vorbereitet gewesen wäre.	de/reply_de_wrap_number_20.wav	563200	44100	12.771
reply_de_combined_whisperfear_20	reply	de	combined	whispers,fearful	[whispers] [fearful] Da ist jemand im Treppenhaus. Ich höre die Diele beim Wäscheschrank, die immer knarrt. Mach das Licht noch nicht an.	de/reply_de_combined_whisperfear_20.wav	301056	44100	6.827
reply_de_leading_sarcastic_01_s2	reply	de	leading	sarcastic	[sarcastic] Ach, das hast du ganz allein hinbekommen? Wie unglaublich beeindruckend. Ich bin wirklich sprachlos.	de/reply_de_leading_sarcastic_01_s2.wav	258048	44100	5.851
reply_de_mid_surprised_20	reply	de	mid	surprised	Ich habe den Brief geöffnet und mit der nächsten Absage gerechnet, und [surprised] es war eine Zusage mit vollem Stipendium. Ich musste mich auf die Treppe setzen und ihn zweimal lesen, bis es angekommen ist.	de/reply_de_mid_surprised_20.wav	577536	44100	13.096
reply_de_multi_joy_grief_20	reply	de	multi	excited,sad,soft	[excited] Der Befund war sauber, vollkommen sauber, ich habe im Flur tatsächlich laut gerufen. [sad] Dann fiel mir ein, dass Anna letztes Jahr in derselben Woche ihren Befund bekommen hat, und ihrer war es nicht. [soft] Also saß ich noch eine Weile im Auto, bevor ich losgefahren bin.	de/reply_de_multi_joy_grief_20.wav	235520	44100	5.341
reply_de_neutral_20	reply	de	neutral		Die Bibliothek hat den Lesesaal über den Sommer in den zweiten Stock verlegt. Werktags ist bis zwanzig Uhr geöffnet, und die Mikrofilmgeräte wurden durch zwei Scanstationen am Fenster ersetzt.	de/reply_de_neutral_20.wav	550912	44100	12.492
reply_de_per_sentence_arc_20	reply	de	per_sentence	soft,surprised,excited	[soft] Der Umschlag lag seit März hinter der Uhr. [surprised] Darin war ein Foto, das ich nie gesehen hatte, meine Mutter mit ungefähr neunzehn, lachend über irgendetwas außerhalb des Bildes. [excited] Und auf der Rückseite, mit Bleistift, der Name der Straße, in der sie meinen Vater kennengelernt hat.	de/reply_de_per_sentence_arc_20.wav	759808	44100	17.229
reply_de_special_sigh_20	reply	de	special	sigh	Ich habe das ganze Kapitel neu geschrieben, umgebaut, viertausend Wörter gestrichen [sigh] und die einzige Anmerkung meiner Lektorin war, dass der ursprüngliche Anfang besser gewesen sei.	de/reply_de_special_sigh_20.wav	499712	44100	11.331
reply_de_trailing_sigh_20	reply	de	trailing	sigh	Der Zug fiel aus, der Ersatzbus kam nie, und als ich endlich im Büro ankam, war die Besprechung längst vorbei. Der ganze Vormittag also, einfach weg. [sigh]	de/reply_de_trailing_sigh_20.wav	555008	44100	12.585
reply_de_wrap_place_20	reply	de	wrap	excited	Er hat bis zuletzt behauptet, das Ziel sei eine Überraschung, bis die Anzeigetafel umsprang und [excited] Lissabon zeigte, und ich habe mitten in der Halle ein Geräusch gemacht, auf das ich nicht stolz bin.	de/reply_de_wrap_place_20.wav	600064	44100	13.607
reply_de_combined_pitchhappy_20	reply	de	combined	pitch up,super happy	[pitch up] [super happy] Sie haben zugesagt! Kein Vielleicht, kein Wir-melden-uns, eine richtige, uneingeschränkte Zusage, und wir sollen im September anfangen!	de/reply_de_combined_pitchhappy_20.wav	452608	44100	10.263
reply_de_leading_excited_20	reply	de	leading	excited	[excited] Die Zusage ist heute Morgen gekommen, per Post, in so einem dünnen Umschlag. Ich habe drei Wochen lang gedacht, dünn bedeutet Absage. Diesmal nicht.	de/reply_de_leading_excited_20.wav	378880	44100	8.591
reply_de_mid_excited_20	reply	de	mid	excited	Wir waren mitten im zweiten Set, als der Ton komplett ausfiel, und dann [excited] hat das ganze Publikum den Refrain einfach selbst weitergesungen. Zweitausend Leute, ohne ein einziges Mikrofon.	de/reply_de_mid_excited_20.wav	571392	44100	12.957
reply_de_multi_anger_calm_20	reply	de	multi	angry,sigh,soft	[angry] Ich habe gesagt, dass der Termin nicht verschiebbar ist, ich habe es schriftlich festgehalten, ich habe es in der Sitzung gesagt. [sigh] Und natürlich wurde er trotzdem verschoben. [soft] Ehrlich gesagt erwarte ich inzwischen auch nichts anderes mehr.	de/reply_de_multi_anger_calm_20.wav	595968	44100	13.514
reply_de_neutral_21	reply	de	neutral		Das Mehl in drei Portionen zugeben und unterheben, nicht rühren. Der Teig darf am Ende ruhig noch leicht ungleichmäßig aussehen. Wer ihn an dieser Stelle zu lange bearbeitet, bekommt einen festen Kuchen.	de/reply_de_neutral_21.wav	655360	44100	14.861
reply_de_per_sentence_worry_20	reply	de	per_sentence	fearful,trembling voice,soft	[fearful] Der Anruf kam um zwanzig nach zwei in der Nacht. [trembling voice] Ich habe die Worte nicht richtig herausbekommen, ich habe nur immer wieder gefragt, in welches Krankenhaus. [soft] Als ich ankam, war er längst wach und beschwerte sich über den Tee.	de/reply_de_per_sentence_worry_20.wav	559104	44100	12.678
reply_de_special_chuckle_20	reply	de	special	chuckle	Mein Vater hat den ganzen Urlaub darauf bestanden, dass er keine Karte braucht, wir fahren absolut richtig [chuckle] und wir sind in einem völlig anderen Land gelandet als in dem, das wir gebucht hatten.	de/reply_de_special_chuckle_20.wav	542720	44100	12.307
reply_de_trailing_laugh_20	reply	de	trailing	laugh	Ich habe vierzig Minuten lang die ganze Wohnung nach meiner Brille abgesucht, jedes Zimmer zweimal, sogar den Wäschekorb, und dann habe ich mich im Flurspiegel gesehen. Sie saß die ganze Zeit auf meinem Kopf. [laugh]	de/reply_de_trailing_laugh_20.wav	593920	44100	13.468
reply_de_combined_softwhisper_30	reply	de	combined	soft,whisper in a small voice	[soft] [whisper in a small voice] Er hat gefragt, ob der Hund noch da ist, wenn er aufwacht, und ich musste in einer halben Sekunde entscheiden, welche Art von Antwort diese Frage verdient.	de/reply_de_combined_softwhisper_30.wav	378880	44100	8.591
reply_de_leading_sad_20	reply	de	leading	sad	[sad] Ich war noch einmal in der alten Wohnung, um den letzten Karton zu holen. Jemand hatte die Küche schon neu gestrichen. Es ist albern, aber in der Tür stehend habe ich gemerkt, dass ich mich nie richtig verabschiedet habe.	de/reply_de_leading_sad_20.wav	600064	44100	13.607
reply_de_mid_sad_20	reply	de	mid	sad	Er hat den Laden den ganzen Winter über offen gehalten, und [sad] am letzten Tag hat er jede Fläche poliert, bevor er das Schild umgedreht hat. Einundvierzig Jahre, und es sollte ordentlich aussehen für den, der nach ihm kommt.	de/reply_de_mid_sad_20.wav	634880	44100	14.396
reply_de_multi_fear_relief_20	reply	de	multi	fearful,surprised,happy	[fearful] Ich konnte ihn im ganzen Park nicht finden, nicht bei den Schaukeln, nicht am Teich. [surprised] Dann tippte mir eine Frau auf die Schulter und zeigte zum Musikpavillon. [happy] Da oben stand er und dirigierte ein unsichtbares Orchester, vollkommen zufrieden und völlig ahnungslos.	de/reply_de_multi_fear_relief_20.wav	706560	44100	16.022
reply_de_neutral_22	reply	de	neutral		Der Bahnsteig in Richtung Norden ist bis Monatsende wegen Sanierung gesperrt. Die Züge fahren stattdessen von Gleis vier, und der Aufzug zur Fußgängerbrücke ist außer Betrieb. Der barrierefreie Zugang erfolgt über den Seiteneingang in der Mühlenstraße.	de/reply_de_neutral_22.wav	749568	44100	16.997
reply_de_per_sentence_humour_20	reply	de	per_sentence	chuckle,sigh,laugh	[chuckle] Dieses Jahr wollte ich die Möbel unbedingt selbst aufbauen, so schwer kann das ja nicht sein. [sigh] Vier Stunden später hatte ich einen Schrank mit den Türen nach innen. [laugh] Und zwei Schrauben übrig, über die ich bewusst nicht weiter nachdenke.	de/reply_de_per_sentence_humour_20.wav	677888	44100	15.372
reply_de_special_breath_30	reply	de	special	breathing heavily	Ich bin den letzten Kilometer viel zu schnell gelaufen, weil ich die Uhr über dem Ziel sehen konnte, und ich kam mit neun Sekunden Vorsprung durch [breathing heavily] und konnte danach ungefähr eine Minute lang mit niemandem sprechen.	de/reply_de_special_breath_30.wav	540672	44100	12.260
reply_de_trailing_happy_20	reply	de	trailing	happy	Sie hat sich das ganze Stück an einem Wochenende nach Gehör beigebracht und es beim Abendessen gespielt, ohne vorher ein Wort zu sagen. Ihr Großvater hat gar nichts gesagt, er saß nur da, die Hand vor dem Mund. [happy]	de/reply_de_trailing_happy_20.wav	657408	44100	14.907
reply_de_leading_angry_20	reply	de	leading	angry	[angry] Sie haben das ganze Projekt in einer zweizeiligen Mail gestrichen. Acht Monate Arbeit, vier Leute, und niemand hielt ein Gespräch für nötig. Mich stört nicht die Entscheidung, mich stört die Feigheit.	de/reply_de_leading_angry_20.wav	540672	44100	12.260
reply_de_mid_angry_20	reply	de	mid	angry	Ich habe am Montag nach dem Bericht gefragt, am Mittwoch noch einmal, und [angry] heute Morgen erfahre ich, dass er die ganze Zeit fertig war und in irgendeinem Entwurfsordner lag. Das ist kein Terminproblem.	de/reply_de_mid_angry_20.wav	565248	44100	12.817
reply_de_multi_disbelief_20	reply	de	multi	surprised,laugh,happy	[surprised] Sie haben meinen Namen aufgerufen und ich dachte ernsthaft, das sei ein Versehen. [laugh] Ich habe mich tatsächlich umgedreht, ob hinter mir noch ein Thomas steht. [happy] Da stand keiner. Es war mein Name, auch auf der Urkunde.	de/reply_de_multi_disbelief_20.wav	530432	44100	12.028
chapter_de_arc_20	chapter	de	per_sentence	soft,fearful,trembling voice,surprised,happy	[soft] Der Leuchtturm war seit elf Jahren automatisiert, aber im Wärterhaus stand noch die alte Einrichtung, und jedes Frühjahr kam jemand von der Stiftung heraus, um das Dach zu prüfen und die Räume zu lüften. [soft] In jenem Jahr war es Ruth, weil niemand sonst die Bootsfahrt machen wollte, und sie landete an einem flachen grauen Morgen, als sich die See kaum bewegte. [fearful] Am zweiten Nachmittag fand sie das Logbuch, eingeklemmt hinter einer aufgequollenen Schublade, und der letzte Eintrag war auf drei Wochen nach dem Tag datiert, an dem der Turm längst leer gewesen sein sollte. [trembling voice] Die Handschrift war oben auf der Seite noch ruhig und unten deutlich weniger ruhig, und sie beschrieb ein Unwetter, das es laut den Aufzeichnungen vom Festland nie gegeben hatte. [fearful] Sie las den Eintrag zweimal, legte das Buch weg und wurde sich sehr genau bewusst, wie weit das Boot entfernt war und dass das einzige andere Geräusch die Möwen waren. [surprised] Dann blätterte sie um und fand eine zweite Handschrift, sauber und ohne Eile, die erklärte, der erste Schreiber sei ihr Großvater gewesen, der Sturm habe stattgefunden, und das Festland habe schlicht die Unterlagen verloren. [happy] Ruth saß mit dem aufgeschlagenen Buch auf der Türschwelle, bis das Licht ging, und las einen Mann, den sie nie getroffen hatte, über ein Meer schreiben, das sie an diesem Morgen überquert hatte. Das Dach, entschied sie, konnte noch einen Tag warten.	de/chapter_de_arc_20.wav	3749888	44100	85.031
reply_de_trailing_trembling_20	reply	de	trailing	trembling voice	Ich hatte die ganze Rede aufgeschrieben, ich hatte sie im Auto geübt, und dann stand ich auf, sah sie alle an, wie sie mich ansahen, und jedes einzelne Wort war weg. [trembling voice]	de/reply_de_trailing_trembling_20.wav	487424	44100	11.053
reply_de_leading_soft_20	reply	de	leading	soft	[soft] Sie ist nach zehn Minuten Film eingeschlafen, die Fernbedienung noch in der Hand. Ich wollte sie nicht wecken, also habe ich leiser gestellt und den Rest allein zu Ende geschaut.	de/reply_de_leading_soft_20.wav	444416	44100	10.077
reply_de_mid_gasp_20	reply	de	mid	gasp	Er griff ganz unten in den Werkzeugkasten nach einem Schraubenschlüssel und [gasp] zog die Uhr seines Großvaters heraus, die die Familie seit dem Umzug vor dreißig Jahren für verloren hielt.	de/reply_de_mid_gasp_20.wav	493568	44100	11.192
reply_de_multi_tense_hopeful_30	reply	de	multi	trembling voice,soft,excited	[trembling voice] Der Motor sprang nicht an, und wir waren vierzig Kilometer von der nächsten Ortschaft entfernt. [soft] Ich habe mich auf die Stoßstange gesetzt und versucht, ruhig nachzudenken. [excited] Und dann kam ein Landwirt um die Kurve, mit einem Starthilfekabel auf dem Beifahrersitz.	de/reply_de_multi_tense_hopeful_30.wav	753664	44100	17.090
chapter_de_arc_21	chapter	de	per_sentence	excited,angry,sad,soft,happy	[excited] Die Bäckerei öffnete an einem Dienstag ohne Schild über der Tür, weil das Schild sich verspätet hatte, und um neun Uhr morgens stand die Schlange trotzdem bis zur Ecke. [excited] Es hatte sich vierzehn Tage lang in der Siedlung herumgesprochen, und die Hälfte der Leute in dieser Schlange hatte Dembe jeden Abend nach seiner Schicht durch das Fenster schrubben sehen. [angry] Um elf kam der Prüfer vom Amt und teilte ihm mit, die Abluftanlage sei nicht abgenommen, die Unterlagen, die man ihm im März zugesagt hatte, seien nie eingereicht worden, und er müsse schließen. [angry] Dembe wies ruhig darauf hin, dass er sechsmal im Amt angerufen hatte, dass er einen Ordner mit datierten Schreiben besaß, und dass die Schlange draußen währenddessen weiterwuchs. [sad] Es half nichts. Er stellte den Ofen um zwölf ab, ging auf den Gehweg hinaus und erklärte ungefähr sechzig Menschen, dass es doch kein Brot geben würde. [soft] Eine ältere Frau vorne sagte, sie komme dann eben am Donnerstag wieder, und der Mann hinter ihr sagte dasselbe, und so ging es die Reihe entlang, bis die Straße still war. [soft] Den Nachmittag verbrachte er zwischen den auskühlenden Blechen, den Ordner vor sich, und schrieb ein siebtes Schreiben, sorgfältiger als die ersten sechs. [happy] Die Abnahme kam am Freitag der folgenden Woche, und als er am Samstagmorgen die Tür öffnete, stand die Schlange schon da, und sie war länger.	de/chapter_de_arc_21.wav	4059136	44100	92.044
reply_de_trailing_soft_20	reply	de	trailing	soft	Wir sind die Hafenstraße zurückgelaufen, die Boote schlugen leise gegen die Stege, und keiner von uns hat lange etwas gesagt. Es musste auch nicht gesagt werden. [soft]	de/reply_de_trailing_soft_20.wav	462848	44100	10.495
reply_de_leading_fearful_20	reply	de	leading	fearful	[fearful] In der ganzen Straße ging auf einmal das Licht aus. Kein Summen vom Kühlschrank, keine Laternen, gar nichts. Und dann hörte ich das Gartentor aufgehen, und mir fiel ein, dass ich es abgeschlossen hatte.	de/reply_de_leading_fearful_20.wav	598016	44100	13.560
reply_de_mid_soft_20	reply	de	mid	soft	Die Hebamme hat uns gezeigt, wie man ihn hält, eine Hand unter den Kopf, und [soft] dann haben alle den Raum verlassen und wir waren zum ersten Mal zu dritt.	de/reply_de_mid_soft_20.wav	385024	44100	8.731
chapter_de_arc_22	chapter	de	per_sentence	soft,sad,angry,trembling voice,happy	[soft] Meine Großmutter hat jeden Brief aufgehoben, den mein Großvater ihr von See geschickt hat, der Reihe nach, in einer Keksdose, die für den Rest ihres Lebens schwach nach Ingwer roch. [soft] Sie las sie abwechselnd, ein paar in jedem Winter, und sie hat nie einen davon jemandem vorgelesen. [sad] Als sie starb, ging die Dose an meine Tante, und meine Tante stellte sie mit den Möbeln in ein Lager in Croydon, und dann wurde das Lager geräumt. [angry] Niemand hat uns Bescheid gesagt. Die Firma schickte die Mitteilung an eine Adresse, die meine Tante vier Jahre zuvor verlassen hatte, wartete die gesetzliche Frist ab und entsorgte den Inhalt vollkommen rechtmäßig. [angry] Ich habe eine Woche lang telefoniert und mir höflich und wiederholt sagen lassen, dass alles korrekt abgelaufen sei, was stimmte und überhaupt nicht half. [trembling voice] Womit ich nicht zurechtkam, war, dass diese Briefe zwei Kriege, neun Umzüge und ein Hochwasser überstanden hatten und an einem ungeöffneten Umschlag gescheitert sind. [soft] Und dann fand meine Cousine im März vier davon in einem Gesangbuch, das an eine andere Verwandte gegangen war, ungelesen, flach hinter dem Rückendeckel. [happy] Vier von sicher zweihundert. Wir haben noch am selben Nachmittag jede Seite fotografiert, alles doppelt gesichert und jedem in der Familie einen Ausdruck geschickt, der ihn haben wollte.	de/chapter_de_arc_22.wav	3835904	44100	86.982
reply_de_trailing_surprised_30	reply	de	trailing	surprised	Wir hatten das billigste Zimmer gebucht, ganz hinten, ohne Aussicht, ohne Balkon. Beim Einchecken haben sie uns kommentarlos hochgestuft, und ich habe es erst gemerkt, als ich die Vorhänge aufzog. [surprised]	de/reply_de_trailing_surprised_30.wav	565248	44100	12.817
reply_de_leading_whispers_20	reply	de	leading	whispers	[whispers] Beweg dich noch nicht. Da steht ein Reh am Waldrand, direkt hinter der umgestürzten Birke, und es hat uns noch nicht bemerkt. Wenn wir ganz still bleiben, kommt vielleicht das Kitz nach.	de/reply_de_leading_whispers_20.wav	462848	44100	10.495
reply_de_mid_chuckle_30	reply	de	mid	chuckle	Er hat darauf bestanden, den Wasserhahn selbst repariert zu haben, hat mir sogar den Beleg für die Teile gezeigt, und [chuckle] in dem Moment, in dem ich ihn aufdrehte, blieb mir das ganze Ding in der Hand und traf die Decke.	de/reply_de_mid_chuckle_30.wav	542720	44100	12.307
chapter_de_arc_23	chapter	de	per_sentence	fearful,fast,surprised,soft,laugh	[fearful] Der Feueralarm ging um vier Uhr morgens los, in einem Hotel, in dem keiner von uns die Landessprache sprach und die Beschilderung im Flur, freundlich gesagt, mehrdeutig war. [fast] Ich bekam die Tür auf, holte meinen Bruder aus dem zweiten Bett, griff die Pässe vom Schreibtisch, weil meine Hände offenbar entschieden hatten, dass das jetzt wichtig ist, und wir gingen elf Stockwerke barfuß hinunter. [fast] Das halbe Haus stand schon auf dem Parkplatz, in Bettdecken gewickelt, und niemand fand jemanden vom Personal, den man hätte fragen können. [surprised] Nach etwa zwanzig Minuten kam eine sehr ruhige Mitarbeiterin heraus und erklärte in sorgfältigem Englisch, ein Gast im vierten Stock habe unter einem Melder geraucht, und es habe zu keinem Zeitpunkt gebrannt. [soft] Es entstand eine lange Pause, in der vierhundert Menschen das verarbeiteten. [soft] Dann fing irgendwo hinten jemand an zu lachen, und es lief in ungefähr zehn Sekunden über den ganzen Parkplatz. [laugh] Mein Bruder sah auf das, was er in der Hand hielt, nämlich die Fernbedienung, und konnte weder mir noch sich selbst erklären, warum er sie mitgenommen hatte.	de/chapter_de_arc_23.wav	2895872	44100	65.666
reply_de_leading_sarcastic_20	reply	de	leading	sarcastic	[sarcastic] Ganz hervorragendes Timing. Die Heizung fällt genau in der Woche aus, in der es kalt wird, der Installateur kann frühestens Donnerstag, und die Notfallnummer spielt mir eine Ansage vor, wie wichtig ich als Kunde bin.	de/reply_de_leading_sarcastic_20.wav	643072	44100	14.582
chapter_de_arc_24	chapter	de	per_sentence	soft,excited,angry,sad,happy	[soft] Das Dorfgemeinschaftshaus war seit Januar für die Ausstellung gebucht, ein langer Raum mit schlechtem Licht und einem Boden, der vierzig Jahre Federball gesehen hatte. [excited] Priya hatte drei Monate lang Fotografien zusammengetragen, war von Tür zu Tür gegangen und hatte Alben von Leuten geliehen, die sie außerhalb der Familie noch nie jemandem gezeigt hatten. [excited] Bis Freitag hingen zweihundertelf Abzüge an den Wänden, nach Jahrzehnten geordnet, und am Ende stand ein Tisch für alle, die mit Bleistift eine Bildunterschrift ergänzen wollten. [angry] Am Samstagmorgen teilte ihr der Vorstand mit, der Brandschutzbeauftragte sei da gewesen, die Stellwände versperrten einen zweiten Ausgang, und alles an der Ostwand müsse vor der Eröffnung abgehängt werden. [angry] Das waren sechzig Fotografien, die kompletten Siebzigerjahre, und die Menschen darauf kamen um elf. [sad] Sie hat sie selbst abgenommen, eine nach der anderen, und mit dem Bild nach oben auf der Bühne gestapelt, wo sie niemand sehen würde. [soft] Dann fragte ein Mann, den sie nicht kannte, was in dem Stapel sei, hörte sich die ganze Geschichte an und ging hinaus zu seinem Transporter. [happy] Er kam mit acht Klappstaffeleien aus dem Hochzeitsgeschäft seiner Schwester zurück, und um fünf nach elf standen die kompletten Siebzigerjahre mitten im Raum, sodass die Leute um sie herumgehen mussten, was hinterher alle für die von vornherein bessere Lösung hielten.	de/chapter_de_arc_24.wav	3936256	44100	89.258
reply_de_leading_fast_20	reply	de	leading	fast	[fast] Also, das Meeting ist auf elf verschoben, auf den Folien stehen noch die Zahlen vom letzten Quartal, Priya steht auf der Umgehungsstraße fest, und irgendjemand muss den Kunden anrufen, bevor er sich einwählt und das falsche Deck sieht.	de/reply_de_leading_fast_20.wav	622592	44100	14.118
reply_de_leading_happy_30	reply	de	leading	happy	[happy] Der Schrebergarten hat sich dieses Jahr endlich gelohnt. Wir kamen nach zwei Wochen zurück und rechneten mit einem Dschungel, stattdessen standen die Bohnen an den Stangen, die Tomaten waren von allein rot geworden, und die Nachbarn hatten ungefragt alles gegossen.	de/reply_de_leading_happy_30.wav	616448	44100	13.978
small_pl_combined_fast_01	small	pl	combined	fast,excited	[fast] [excited] Szybko, szybko, bo zaraz odjadą bez nas!	pl/small_pl_combined_fast_01.wav	102400	44100	2.322
small_pl_leading_whispers_01	small	pl	leading	whispers	[whispers] Tylko cicho, bo ją obudzisz.	pl/small_pl_leading_whispers_01.wav	86016	44100	1.950
small_pl_mid_sad_01	small	pl	mid	sad	Chciałem ci to dać, ale [sad] już chyba za późno.	pl/small_pl_mid_sad_01.wav	106496	44100	2.415
small_pl_multi_excited_01	small	pl	multi	excited,angry	[excited] Dostałem bilety na koncert! [angry] No nie, a tu deszcz na cały weekend.	pl/small_pl_multi_excited_01.wav	167936	44100	3.808
small_pl_neutral_neutral_01	small	pl	neutral		Sklep czynny jest codziennie od ósmej do dwudziestej.	pl/small_pl_neutral_neutral_01.wav	163840	44100	3.715
reply_pl_per_sentence_angry_01	reply	pl	per_sentence	angry,angry,sigh	[angry] Znowu zostawiłeś brudne naczynia w zlewie. [angry] Mówiłam ci o tym chyba sto razy. [sigh] No dobrze, posprzątam, ale to ostatni raz.	pl/reply_pl_per_sentence_angry_01.wav	411648	44100	9.334
small_pl_special_sigh_01	small	pl	special	sigh	No trudno [sigh], jutro spróbujemy jeszcze raz.	pl/small_pl_special_sigh_01.wav	174080	44100	3.947
small_pl_trailing_sigh_01	small	pl	trailing	sigh	No dobrze, posprzątam ten pokój sam [sigh].	pl/small_pl_trailing_sigh_01.wav	122880	44100	2.786
small_pl_wrap_whispers_01	small	pl	wrap	whispers	Podaj mi [whispers] sól, tylko żeby mama nie słyszała.	pl/small_pl_wrap_whispers_01.wav	122880	44100	2.786
small_pl_combined_whispering_01_s2	small	pl	combined	whispering,fearful	[whispering] [fearful] Ktoś chodzi po strychu, słyszysz te kroki?	pl/small_pl_combined_whispering_01_s2.wav	96256	44100	2.183
small_pl_leading_excited_01	small	pl	leading	excited	[excited] No nie wierzę, wygraliśmy mecz!	pl/small_pl_leading_excited_01.wav	100352	44100	2.276
small_pl_mid_angry_01	small	pl	mid	angry	Prosiłem grzecznie, a ty [angry] dalej swoje robisz.	pl/small_pl_mid_angry_01.wav	139264	44100	3.158
small_pl_multi_happy_01_s2	small	pl	multi	happy,sad	[happy] Wreszcie wakacje, jedziemy nad morze! [sad] A potem znowu te smutne poniedziałki.	pl/small_pl_multi_happy_01_s2.wav	188416	44100	4.272
small_pl_neutral_neutral_02	small	pl	neutral		Przystanek autobusowy znajduje się tuż za rogiem ulicy.	pl/small_pl_neutral_neutral_02.wav	141312	44100	3.204
chapter_pl_arc_02	chapter	pl	per_sentence	excited,happy,angry,sad,sigh,happy	[excited] Od trzech miesięcy przygotowywaliśmy się do tego konkursu kulinarnego i wreszcie nadszedł wielki dzień. [happy] Nasza drużyna wstała o świcie, pełna energii i pomysłów na danie, które miało zachwycić jurorów. Kroiliśmy warzywa, mieszaliśmy sosy i śmialiśmy się przy tym jak dzieci, czując, że nic nas dziś nie powstrzyma. [angry] Niestety, na pół godziny przed końcem piekarnik nagle przestał grzać i nasza pieczeń została kompletnie surowa w środku. Krzyczałem na ten sprzęt, jakby mógł mnie usłyszeć i naprawić się ze strachu. [sad] Wydawało się, że cała nasza ciężka praca poszła na marne, a marzenie o wygranej właśnie się rozwiało. [sigh] Usiedliśmy zrezygnowani przy stole, patrząc na zimne danie i milcząc. Wtedy jednak nasza najmłodsza koleżanka zaproponowała, żeby z resztek zrobić zupełnie nową, prostą potrawę. [happy] Ku naszemu zdumieniu jurorzy zachwycili się tą improwizacją i przyznali nam drugie miejsce, a my zrozumieliśmy, że czasem porażka otwiera nowe drzwi.	pl/chapter_pl_arc_02.wav	2265088	44100	51.363
reply_pl_special_laugh_01	reply	pl	special	laugh	Opowiedział mi dowcip tak stary, że pamiętam go z podstawówki [laugh]. A i tak za każdym razem się śmieję, sam nie wiem czemu.	pl/reply_pl_special_laugh_01.wav	303104	44100	6.873
small_pl_trailing_surprised_01	small	pl	trailing	surprised	Otworzyłem szafę, a tam pełno kotów [surprised].	pl/small_pl_trailing_surprised_01.wav	94208	44100	2.136
small_pl_wrap_soft_01	small	pl	wrap	soft	To był taki [soft] cichutki dźwięk, ledwo słyszalny.	pl/small_pl_wrap_soft_01.wav	157696	44100	3.576
small_pl_combined_hurrytone_01_s2	small	pl	combined	in a hurry tone,angry	[in a hurry tone] [angry] Dawaj kurtkę i ruszamy, spóźnimy się przez ciebie!	pl/small_pl_combined_hurrytone_01_s2.wav	225280	44100	5.108
reply_pl_leading_sad_01	reply	pl	leading	sad	[sad] Wiesz, trochę mi przykro z tego powodu. Liczyłem, że jednak przyjdziesz na moje urodziny. Ale rozumiem, że masz dużo na głowie.	pl/reply_pl_leading_sad_01.wav	286720	44100	6.502
reply_pl_mid_surprised_01	reply	pl	mid	surprised	Szliśmy spokojnie przez park, rozmawiając o pogodzie. I [surprised] nagle z krzaków wyskoczył ogromny pies. Na szczęście okazał się przyjazny.	pl/reply_pl_mid_surprised_01.wav	307200	44100	6.966
small_pl_multi_surprised_01_s2	small	pl	multi	surprised,happy,sad	[surprised] Co, urodziny dzisiaj? [happy] To świetnie, robimy tort! [sad] Szkoda, że babci już nie ma.	pl/small_pl_multi_surprised_01_s2.wav	225280	44100	5.108
small_pl_neutral_neutral_03	small	pl	neutral		W lodówce został jeszcze kawałek sera i trochę masła.	pl/small_pl_neutral_neutral_03.wav	149504	44100	3.390
reply_pl_per_sentence_happy_01_s2	reply	pl	per_sentence	happy,surprised,happy	[happy] Ależ się cieszę, że dzwonisz! [surprised] Naprawdę kupiłeś już ten dom? [happy] To wspaniała wiadomość, gratuluję wam z całego serca!	pl/reply_pl_per_sentence_happy_01_s2.wav	272384	44100	6.177
small_pl_special_laughing_01_s2	small	pl	special	laughing	Spojrzał na mnie poważnie i [laughing] nie wytrzymał ani sekundy.	pl/small_pl_special_laughing_01_s2.wav	149504	44100	3.390
reply_pl_trailing_sigh_01	reply	pl	trailing	sigh	Cały dzień szukałem kluczy po całym mieszkaniu. W końcu znalazłem je w kieszeni kurtki, którą miałem na sobie [sigh].	pl/reply_pl_trailing_sigh_01.wav	264192	44100	5.991
small_pl_wrap_shouting_01_s2	small	pl	wrap	shouting	I nagle krzyknął [shouting] uciekajcie, a my w nogi.	pl/small_pl_wrap_shouting_01_s2.wav	147456	44100	3.344
reply_pl_combined_hurrytone_01_s2	reply	pl	combined	in a hurry tone,excited	[in a hurry tone] [excited] Szybko zbieraj się, taksówka już czeka pod domem! Nie chcę przegapić początku tego filmu, podobno jest rewelacyjny.	pl/reply_pl_combined_hurrytone_01_s2.wav	284672	44100	6.455
small_pl_leading_happy_01_s2	small	pl	leading	happy	[happy] Ależ super, że w końcu się udało!	pl/small_pl_leading_happy_01_s2.wav	86016	44100	1.950
small_pl_mid_sighing_01_s2	small	pl	mid	sighing	Miałem zdążyć na pociąg, [sighing] no i znowu uciekł.	pl/small_pl_mid_sighing_01_s2.wav	143360	44100	3.251
reply_pl_multi_happy_01_s2	reply	pl	multi	happy,sad,happy	[happy] Pamiętasz nasze wspólne wakacje nad jeziorem? [sad] Tak szybko to wszystko minęło, aż żal. [happy] Ale za rok możemy przecież pojechać tam jeszcze raz!	pl/reply_pl_multi_happy_01_s2.wav	299008	44100	6.780
reply_pl_neutral_neutral_01	reply	pl	neutral		Spotkanie zostało przełożone na czwartek o godzinie dziesiątej. Proszę o potwierdzenie obecności mailem do końca dnia.	pl/reply_pl_neutral_neutral_01.wav	335872	44100	7.616
reply_pl_per_sentence_whispering_01_s2	reply	pl	per_sentence	whispering,fearful,whispering	[whispering] Nie ruszaj się, coś tam stoi w korytarzu. [fearful] Słyszysz, jak skrzypi ta podłoga? [whispering] Powoli wycofujemy się do pokoju.	pl/reply_pl_per_sentence_whispering_01_s2.wav	335872	44100	7.616
small_pl_special_sighing_01_s2	small	pl	special	sighing	Patrzę na ten rachunek [sighing] i nie wiem, co powiedzieć.	pl/small_pl_special_sighing_01_s2.wav	116736	44100	2.647
small_pl_trailing_disdainful_01_s2	small	pl	trailing	disdainful	Pokazał mi tę pracę, [disdainful] jakby ktoś to w ogóle czytał.	pl/small_pl_trailing_disdainful_01_s2.wav	137216	44100	3.111
reply_pl_wrap_one_word_20	reply	pl	wrap	whispers	W całej sali zrobiło się cicho, kiedy kurator uniósł płótno, a ktoś za mną powiedział [whispers] niezwykłe, i przez dobre dziesięć sekund było to jedyne słowo, na jakie ktokolwiek się zdobył.	pl/reply_pl_wrap_one_word_20.wav	477184	44100	10.820
reply_pl_combined_softsad_20	reply	pl	combined	soft,sad	[soft] [sad] Znalazłam jego pismo na marginesie książki kucharskiej, tylko notatkę, żeby dawać mniej soli. Taka zwyczajna rzecz do zostawienia po sobie, a nie mogłam odłożyć tej książki przez godzinę.	pl/reply_pl_combined_softsad_20.wav	434176	44100	9.845
small_pl_leading_angry_01_s2	small	pl	leading	angry	[angry] Mam już dość tego bałaganu w kuchni!	pl/small_pl_leading_angry_01_s2.wav	94208	44100	2.136
small_pl_mid_fearful_01_s2	small	pl	mid	fearful	Wracaliśmy do domu i [fearful] nagle ktoś zgasił światło.	pl/small_pl_mid_fearful_01_s2.wav	241664	44100	5.480
chapter_pl_arc_03_s2	chapter	pl	multi	happy,fearful,sad,happy	[happy] Tego ranka morze było spokojne jak lustro, a my wypłynęliśmy małą łódką daleko za zatokę, śmiejąc się i śpiewając stare szanty. Słońce grzało przyjemnie, a woda mieniła się tysiącem srebrnych iskier, jakby ktoś rozsypał na niej garść gwiazd. Czuliśmy się wolni i nieśmiertelni, przekonani, że ten doskonały dzień nigdy się nie skończy. [fearful] Lecz po południu niebo na horyzoncie pociemniało nagle, a wiatr zaczął szarpać żaglem z niepokojącą siłą. Fale rosły z każdą minutą, przelewając się przez burtę, a my w panice szukaliśmy drogi powrotnej do brzegu. [sad] Gdy w końcu dobiliśmy do mola, przemoczeni i wyczerpani, okazało się, że zgubiliśmy w sztormie aparat z całymi zdjęciami z wakacji. Siedzieliśmy na pomoście w milczeniu, żałując tych utraconych wspomnień. [happy] Ale wtedy stary rybak podszedł do nas z termosem gorącej herbaty i powiedział, że najlepsze wspomnienia i tak nosimy w sercu, a nie na kliszy. Roześmialiśmy się przez łzy, wdzięczni, że cali wróciliśmy na ląd.	pl/chapter_pl_arc_03_s2.wav	2439168	44100	55.310
reply_pl_neutral_neutral_02	reply	pl	neutral		Pociąg do Krakowa odjeżdża z peronu trzeciego. Podróż potrwa około dwóch i pół godziny, z jedną przesiadką w Katowicach.	pl/reply_pl_neutral_neutral_02.wav	299008	44100	6.780
chapter_pl_arc_01_s2	chapter	pl	per_sentence	sad,sighing,fearful,surprised,happy,happy	[sad] Dom stał pusty od wielu lat, a ja wracałam do niego po raz pierwszy od śmierci dziadków. [sighing] Każda deska w podłodze skrzypiała tak samo jak kiedyś, gdy biegałam tędy jako mała dziewczynka. Zapach starego drewna i kurzu od razu przywołał setki wspomnień, które wydawały się zupełnie zapomniane. [fearful] Gdy weszłam na strych, usłyszałam dziwny szelest gdzieś w kącie i serce podeszło mi do gardła. Przez chwilę stałam nieruchomo, bojąc się nawet oddychać, wpatrzona w ciemność pod krokwiami. [surprised] Wtedy z cienia wyłoniła się mała, przestraszona kotka z dwoma kociętami. Musiała schronić się tu przed mrozem i urodzić swoje maleństwa właśnie w moim rodzinnym domu. [happy] Uśmiechnęłam się szeroko, bo nagle ten pusty, smutny dom przestał być pusty. [happy] Postanowiłam, że zostanę i przywrócę mu dawne życie, a one będą moją nową rodziną.	pl/chapter_pl_arc_01_s2.wav	1970176	44100	44.675
reply_pl_special_laugh_20	reply	pl	special	laugh	Wstaje więc do tego bardzo uroczystego toastu, stuka w kieliszek, chrząka, i całe dno kieliszka odpada mu na stół [laugh] a on po prostu kontynuuje przemowę, trzymając samą nóżkę.	pl/reply_pl_special_laugh_20.wav	540672	44100	12.260
small_pl_trailing_laughing_01_s2	small	pl	trailing	laughing	On naprawdę myślał, że to ja zjadłem to ciasto [laughing].	pl/small_pl_trailing_laughing_01_s2.wav	149504	44100	3.390
reply_pl_wrap_name_20	reply	pl	wrap	soft	Czytali nazwiska powoli, jedno po drugim, a kiedy doszli do [soft] Małgorzata, mężczyzna w pierwszym rzędzie wreszcie opuścił głowę.	pl/reply_pl_wrap_name_20.wav	335872	44100	7.616
reply_pl_combined_fastexcited_20	reply	pl	combined	fast,excited	[fast] [excited] Dobra, taksówka stoi pod domem, paszporty są w niebieskiej torbie, już nas odprawiłem, i jeśli wyjdziemy w ciągu czterech minut, złapiemy wcześniejszy pociąg zamiast tego późnego.	pl/reply_pl_combined_fastexcited_20.wav	464896	44100	10.542
small_pl_leading_surprised_01_s2	small	pl	leading	surprised	[surprised] Ojej, a ty tu skąd o tej porze?	pl/small_pl_leading_surprised_01_s2.wav	114688	44100	2.601
reply_pl_mid_disdainful_01_s2	reply	pl	mid	disdainful	Pokazał wszystkim swój nowy zegarek, bardzo dumny. A potem [disdainful] okazało się, że to zwykła podróbka z bazaru. Trochę było mi go żal.	pl/reply_pl_mid_disdainful_01_s2.wav	333824	44100	7.570
reply_pl_multi_joy_grief_20	reply	pl	multi	excited,sad,soft	[excited] Wyniki wyszły czyste, zupełnie czyste, naprawdę krzyknęłam na korytarzu. [sad] Potem przypomniałam sobie, że Anna dostała swoje w tym samym tygodniu rok temu, i jej nie były. [soft] Więc posiedziałam jeszcze chwilę w samochodzie, zanim pojechałam do domu.	pl/reply_pl_multi_joy_grief_20.wav	612352	44100	13.886
chapter_pl_arc_04	chapter	pl	neutral		Proces parzenia dobrej kawy zaczyna się od wyboru świeżo palonych ziaren odpowiedniej jakości. Najlepiej mielić je tuż przed zaparzeniem, ponieważ zmielona kawa szybko traci swój aromat i olejki eteryczne. Grubość mielenia należy dopasować do metody, której zamierzamy użyć, gdyż inaczej parzy się kawę w ekspresie kolbowym, a inaczej w prostym dripie. Woda powinna mieć temperaturę około dziewięćdziesięciu trzech stopni, czyli tuż po zagotowaniu, odstawiona na kilkanaście sekund. Zbyt gorąca woda przypali kawę i wydobędzie z niej gorzkie, nieprzyjemne nuty. Proporcje zazwyczaj wynoszą około sześćdziesięciu gramów kawy na litr wody, choć każdy może dostosować je do własnego smaku. Po zalaniu warto odczekać chwilę, aby kawa równomiernie się rozparzyła i uwolniła pełnię aromatu. Gotowy napar najlepiej spożyć od razu, zanim ostygnie i straci swoją głębię. Przygotowanie kawy to nie tylko codzienna czynność, ale i mała sztuka, która wymaga uwagi oraz odrobiny cierpliwości.	pl/chapter_pl_arc_04.wav	2672640	44100	60.604
reply_pl_per_sentence_arc_20	reply	pl	per_sentence	soft,surprised,excited	[soft] Koperta leżała za zegarem od marca. [surprised] W środku było zdjęcie, którego nigdy nie widziałam, moja mama mniej więcej dziewiętnastoletnia, śmiejąca się z czegoś poza kadrem. [excited] A na odwrocie, ołówkiem, nazwa ulicy, na której poznała mojego ojca.	pl/reply_pl_per_sentence_arc_20.wav	620544	44100	14.071
reply_pl_special_gasp_20	reply	pl	special	gasp	Skręciła na ostatnim zakręcie szlaku, spodziewając się kolejnego lasu, i cała dolina otworzyła się pod nią [gasp] a jezioro łapało światło aż po najdalszą grań.	pl/reply_pl_special_gasp_20.wav	370688	44100	8.406
reply_pl_trailing_laughing_01_s2	reply	pl	trailing	laughing	Próbowałem upiec ciasto według przepisu babci. Wyszło coś, co bardziej przypominało cegłę niż deser [laughing].	pl/reply_pl_trailing_laughing_01_s2.wav	243712	44100	5.526
reply_pl_wrap_number_20	reply	pl	wrap	surprised	Poprosiłem mechanika o orientacyjną wycenę i wewnętrznie się przygotowałem, a on popatrzył chwilę na silnik i powiedział [surprised] czterdzieści, co w żadną stronę nie było liczbą, na którą byłem gotowy.	pl/reply_pl_wrap_number_20.wav	552960	44100	12.539
reply_pl_combined_whisperfear_20	reply	pl	combined	whispers,fearful	[whispers] [fearful] Ktoś jest na klatce. Słyszę tę deskę przy szafce z pościelą, tę, która zawsze skrzypi. Jeszcze nie zapalaj światła.	pl/reply_pl_combined_whisperfear_20.wav	327680	44100	7.430
reply_pl_leading_excited_01_s2	reply	pl	leading	excited	[excited] Słuchaj, mam dla ciebie świetną wiadomość! Dostałem tę pracę, o której tyle marzyłem. Zaczynam już w przyszłym tygodniu.	pl/reply_pl_leading_excited_01_s2.wav	311296	44100	7.059
reply_pl_mid_surprised_20	reply	pl	mid	surprised	Otworzyłem list, spodziewając się kolejnej odmowy, i [surprised] to była zgoda razem z pełnym stypendium. Musiałem usiąść na schodach i przeczytać wszystko dwa razy, zanim do mnie dotarło.	pl/reply_pl_mid_surprised_20.wav	466944	44100	10.588
reply_pl_multi_anger_calm_20	reply	pl	multi	angry,sigh,soft	[angry] Mówiłem, że tego terminu nie da się przesunąć, napisałem to, powiedziałem to na zebraniu. [sigh] I oczywiście i tak go przesunęli. [soft] Szczerze mówiąc, na tym etapie już niczego innego się nie spodziewam.	pl/reply_pl_multi_anger_calm_20.wav	483328	44100	10.960
reply_pl_neutral_20	reply	pl	neutral		Biblioteka przeniosła czytelnię na drugie piętro w czasie wakacji. W dni powszednie jest otwarta do dwudziestej, a czytniki mikrofilmów zastąpiono dwoma stanowiskami skanującymi przy oknie.	pl/reply_pl_neutral_20.wav	452608	44100	10.263
reply_pl_per_sentence_worry_20	reply	pl	per_sentence	fearful,trembling voice,soft	[fearful] Telefon zadzwonił dwadzieścia po drugiej w nocy. [trembling voice] Nie mogłam z siebie wydusić słów, powtarzałam tylko pytanie, do którego szpitala. [soft] Zanim dojechałam, już nie spał i narzekał na herbatę.	pl/reply_pl_per_sentence_worry_20.wav	448512	44100	10.170
reply_pl_special_sigh_20	reply	pl	special	sigh	Przepisałem cały rozdział, przebudowałem go, wyciąłem cztery tysiące słów [sigh] a jedyna uwaga mojej redaktorki była taka, że pierwotny początek był lepszy.	pl/reply_pl_special_sigh_20.wav	385024	44100	8.731
reply_pl_trailing_sigh_20	reply	pl	trailing	sigh	Pociąg odwołany, autobus zastępczy nie przyjechał wcale, a kiedy wreszcie dotarłem do biura, spotkanie dawno się skończyło. Czyli cały poranek, po prostu przepadł. [sigh]	pl/reply_pl_trailing_sigh_20.wav	499712	44100	11.331
reply_pl_wrap_place_20	reply	pl	wrap	excited	Do samego końca twierdził, że cel jest niespodzianką, aż tablica odlotów przeskoczyła i pokazała [excited] Lizbona, a ja wydałam z siebie na środku terminalu dźwięk, z którego nie jestem dumna.	pl/reply_pl_wrap_place_20.wav	448512	44100	10.170
reply_pl_combined_pitchhappy_20	reply	pl	combined	pitch up,super happy	[pitch up] [super happy] Zgodzili się! Żadne może, żadne zastanowimy się, prawdziwa, bezwarunkowa zgoda, i mamy zacząć we wrześniu!	pl/reply_pl_combined_pitchhappy_20.wav	288768	44100	6.548
reply_pl_leading_excited_20	reply	pl	leading	excited	[excited] Decyzja przyszła dziś rano, pocztą, w takiej cienkiej kopercie. Przez trzy tygodnie byłem przekonany, że cienka koperta oznacza odmowę. Tym razem nie.	pl/reply_pl_leading_excited_20.wav	329728	44100	7.477
reply_pl_mid_excited_20	reply	pl	mid	excited	Byliśmy w połowie drugiego setu, kiedy zupełnie padł dźwięk, a potem [excited] cała publiczność po prostu sama pociągnęła refren dalej. Dwa tysiące osób, bez jednego mikrofonu.	pl/reply_pl_mid_excited_20.wav	411648	44100	9.334
reply_pl_multi_fear_relief_20	reply	pl	multi	fearful,surprised,happy	[fearful] Nie mogłam go znaleźć nigdzie w parku, ani przy huśtawkach, ani przy stawie. [surprised] Potem jakaś kobieta klepnęła mnie w ramię i pokazała na muszlę koncertową. [happy] Stał tam na górze i dyrygował niewidzialną orkiestrą, całkowicie zadowolony i zupełnie nieświadomy.	pl/reply_pl_multi_fear_relief_20.wav	589824	44100	13.375
reply_pl_neutral_21	reply	pl	neutral		Mąkę dodawać w trzech partiach i mieszać delikatnie, nie ubijać. Ciasto może na końcu wyglądać jeszcze lekko niejednolicie. Zbyt długie mieszanie na tym etapie sprawia, że gotowe ciasto jest zbite.	pl/reply_pl_neutral_21.wav	464896	44100	10.542
reply_pl_per_sentence_humour_20	reply	pl	per_sentence	chuckle,sigh,laugh	[chuckle] W tym roku postanowiłem, że sam złożę te meble, przecież to nie może być trudne. [sigh] Cztery godziny później miałem szafę z drzwiami do środka. [laugh] I dwie śruby zostały, o których świadomie postanowiłem nie myśleć.	pl/reply_pl_per_sentence_humour_20.wav	534528	44100	12.121
reply_pl_special_chuckle_20	reply	pl	special	chuckle	Mój ojciec przez cały urlop upierał się, że nie potrzebuje mapy, że jedziemy absolutnie dobrze [chuckle] i wylądowaliśmy w zupełnie innym kraju niż ten, który zarezerwowaliśmy.	pl/reply_pl_special_chuckle_20.wav	434176	44100	9.845
reply_pl_trailing_laugh_20	reply	pl	trailing	laugh	Przez czterdzieści minut szukałam okularów po całym mieszkaniu, każdy pokój po dwa razy, nawet kosz na pranie, a potem zobaczyłam swoje odbicie w lustrze w przedpokoju. Cały czas miałam je na głowie. [laugh]	pl/reply_pl_trailing_laugh_20.wav	460800	44100	10.449
reply_pl_combined_softwhisper_30	reply	pl	combined	soft,whisper in a small voice	[soft] [whisper in a small voice] Zapytał, czy pies będzie jeszcze, kiedy on się obudzi, a ja miałam jakieś pół sekundy, żeby zdecydować, na jaką odpowiedź to pytanie zasługuje.	pl/reply_pl_combined_softwhisper_30.wav	331776	44100	7.523
reply_pl_leading_sad_20	reply	pl	leading	sad	[sad] Pojechałam jeszcze raz do starego mieszkania po ostatnie pudło. Ktoś już przemalował kuchnię. To głupie, ale stojąc w tych drzwiach zrozumiałam, że tak naprawdę nigdy się z tym miejscem nie pożegnałam.	pl/reply_pl_leading_sad_20.wav	505856	44100	11.471
reply_pl_mid_sad_20	reply	pl	mid	sad	Trzymał sklep otwarty przez całą zimę, a [sad] ostatniego dnia wypolerował każdą powierzchnię, zanim odwrócił tabliczkę. Czterdzieści jeden lat, i chciał, żeby wyglądało porządnie dla tego, kto przyjdzie po nim.	pl/reply_pl_mid_sad_20.wav	522240	44100	11.842
reply_pl_multi_disbelief_20	reply	pl	multi	surprised,laugh,happy	[surprised] Wyczytali moje nazwisko, a ja naprawdę myślałem, że to pomyłka. [laugh] Faktycznie się odwróciłem sprawdzić, czy nie stoi za mną drugi Tomek. [happy] Nie stał. To było moje nazwisko, na dyplomie też.	pl/reply_pl_multi_disbelief_20.wav	548864	44100	12.446
reply_pl_neutral_22	reply	pl	neutral		Peron w kierunku północnym jest zamknięty z powodu remontu do końca miesiąca. Pociągi odjeżdżają z toru czwartego, a winda na kładkę jest nieczynna. Dojście bez schodów prowadzi bocznym wejściem od ulicy Młyńskiej.	pl/reply_pl_neutral_22.wav	512000	44100	11.610
chapter_pl_arc_20	chapter	pl	per_sentence	soft,fearful,trembling voice,surprised,happy	[soft] Latarnia była zautomatyzowana od jedenastu lat, ale w domku latarnika wciąż stały stare meble, i każdej wiosny ktoś z fundacji przypływał sprawdzić dach i przewietrzyć pokoje. [soft] Tamtego roku była to Ruta, bo nikt inny nie chciał się wybierać łodzią, i wylądowała płaskim szarym rankiem, kiedy morze prawie się nie ruszało. [fearful] Drugiego popołudnia znalazła dziennik, wciśnięty za spuchniętą szufladę, a ostatni wpis nosił datę trzy tygodnie po dniu, w którym latarnia miała już stać pusta. [trembling voice] Pismo u góry strony było jeszcze spokojne, a na dole zdecydowanie mniej spokojne, i opisywało noc takiej pogody, jakiej według zapisów z lądu nigdy nie było. [fearful] Przeczytała wpis dwa razy, odłożyła zeszyt i bardzo wyraźnie uświadomiła sobie, jak daleko jest łódź i że jedynym innym dźwiękiem są mewy. [surprised] Potem przewróciła stronę i znalazła drugi charakter pisma, staranny i bez pośpiechu, wyjaśniający, że pierwszym piszącym był jej dziadek, że sztorm rzeczywiście się wydarzył, a ląd po prostu zgubił dokumentację. [happy] Ruta siedziała na progu z otwartą księgą na kolanach, dopóki nie zaczęło się ściemniać, i czytała człowieka, którego nigdy nie poznała, opisującego morze, które sama tego ranka przepłynęła. Dach, uznała, może poczekać jeszcze jeden dzień.	pl/chapter_pl_arc_20.wav	2996224	44100	67.942
reply_pl_special_breath_30	reply	pl	special	breathing heavily	Ostatni kilometr przebiegłem stanowczo za szybko, bo widziałem zegar nad metą, i minąłem ją z dziewięcioma sekundami zapasu [breathing heavily] a potem przez jakąś minutę nie byłem w stanie z nikim rozmawiać.	pl/reply_pl_special_breath_30.wav	499712	44100	11.331
reply_pl_trailing_happy_20	reply	pl	trailing	happy	Nauczyła się całego utworu ze słuchu przez jeden weekend, a potem zagrała go przy kolacji, nie mówiąc nikomu, że ćwiczyła. Jej dziadek nie powiedział ani słowa, siedział tylko z ręką przy ustach. [happy]	pl/reply_pl_trailing_happy_20.wav	499712	44100	11.331
reply_pl_leading_angry_20	reply	pl	leading	angry	[angry] Skasowali cały projekt dwulinijkowym mailem. Osiem miesięcy pracy, cztery osoby, i nikt nie uznał, że należy się rozmowa. Nie chodzi mi o samą decyzję, chodzi mi o tchórzostwo.	pl/reply_pl_leading_angry_20.wav	462848	44100	10.495
reply_pl_mid_angry_20	reply	pl	mid	angry	Prosiłam o ten raport w poniedziałek, prosiłam jeszcze raz w środę, i [angry] dziś rano dowiaduję się, że był gotowy od początku i leżał w czyichś kopiach roboczych. To nie jest problem z terminami.	pl/reply_pl_mid_angry_20.wav	452608	44100	10.263
reply_pl_multi_tense_hopeful_30	reply	pl	multi	trembling voice,soft,excited	[trembling voice] Silnik nie chciał zapalić, a byliśmy czterdzieści kilometrów od najbliższego miasteczka. [soft] Usiadłem na zderzaku i próbowałem spokojnie to przemyśleć. [excited] A potem zza zakrętu wyjechał rolnik z kablami rozruchowymi na siedzeniu pasażera.	pl/reply_pl_multi_tense_hopeful_30.wav	610304	44100	13.839
chapter_pl_arc_21	chapter	pl	per_sentence	excited,angry,sad,soft,happy	[excited] Piekarnia otworzyła się we wtorek bez szyldu nad drzwiami, bo szyld się spóźnił, a o dziewiątej rano kolejka i tak sięgała do rogu. [excited] Wieść chodziła po osiedlu od dwóch tygodni, a połowa ludzi w tej kolejce widziała przez okno, jak Dembe co wieczór po swojej zmianie szoruje to miejsce. [angry] O jedenastej przyszedł inspektor z urzędu i oznajmił, że wentylacja nie ma odbioru, że dokumenty obiecane mu w marcu nigdy nie zostały złożone, i że musi zamknąć. [angry] Dembe spokojnie zauważył, że dzwonił do urzędu sześć razy, że ma segregator z datowanymi pismami, i że kolejka na zewnątrz w tym czasie dalej rośnie. [sad] Nic to nie dało. Wyłączył piec w południe, wyszedł na chodnik i wyjaśnił jakimś sześćdziesięciu osobom, że jednak nie będzie chleba. [soft] Starsza pani z przodu powiedziała, że w takim razie przyjdzie w czwartek, a mężczyzna za nią powiedział to samo, i tak poszło wzdłuż całej kolejki, aż ulica ucichła. [soft] Popołudnie spędził wśród stygnących blach, z otwartym segregatorem przed sobą, pisząc siódme pismo, staranniej niż pierwszych sześć. [happy] Odbiór przyszedł w piątek następnego tygodnia, a kiedy w sobotę rano otworzył drzwi, kolejka już stała, i była dłuższa.	pl/chapter_pl_arc_21.wav	2856960	44100	64.784
reply_pl_trailing_trembling_20	reply	pl	trailing	trembling voice	Miałem całą mowę spisaną, ćwiczyłem ją w samochodzie, a potem wstałem, spojrzałem na nich wszystkich patrzących na mnie i każde jedno słowo wyleciało mi z głowy. [trembling voice]	pl/reply_pl_trailing_trembling_20.wav	405504	44100	9.195
reply_pl_leading_soft_20	reply	pl	leading	soft	[soft] Zasnęła jakieś dziesięć minut po rozpoczęciu filmu, wciąż z pilotem w ręce. Nie chciałem jej budzić, więc tylko ściszyłem i obejrzałem resztę sam.	pl/reply_pl_leading_soft_20.wav	313344	44100	7.105
reply_pl_mid_gasp_20	reply	pl	mid	gasp	Sięgnął na samo dno skrzynki po klucz i [gasp] wyciągnął zegarek swojego dziadka, ten, który rodzina uznała za zaginiony przy przeprowadzce trzydzieści lat temu.	pl/reply_pl_mid_gasp_20.wav	423936	44100	9.613
chapter_pl_arc_22	chapter	pl	per_sentence	soft,sad,angry,trembling voice,happy	[soft] Moja babcia zachowała każdy list, który dziadek przysłał jej z morza, po kolei, w puszce po ciastkach, która do końca swoich dni pachniała lekko imbirem. [soft] Czytała je na zmianę, po kilka każdej zimy, i nigdy żadnego nikomu nie przeczytała na głos. [sad] Kiedy umarła, puszka trafiła do mojej ciotki, a ciotka wstawiła ją razem z meblami do magazynu pod Warszawą, a potem magazyn opróżniono. [angry] Nikt nas nie zawiadomił. Firma wysłała zawiadomienie na adres, który ciotka opuściła cztery lata wcześniej, odczekała ustawowy termin i zutylizowała zawartość całkowicie zgodnie z prawem. [angry] Spędziłem tydzień na telefonach, słuchając uprzejmie i wielokrotnie, że wszystko odbyło się prawidłowo, co było prawdą i nie pomagało zupełnie. [trembling voice] Nie mogłem przejść nad tym do porządku, że te listy przetrwały dwie wojny, dziewięć przeprowadzek i powódź, a przepadły przez nieotwartą kopertę. [soft] A potem w marcu moja kuzynka znalazła cztery z nich w śpiewniku, który trafił do innej krewnej, nieprzeczytane, wsunięte płasko pod tylną okładkę. [happy] Cztery z pewnie dwustu. Jeszcze tego samego popołudnia sfotografowaliśmy każdą stronę, zgraliśmy wszystko w dwóch miejscach i wysłaliśmy wydruk każdemu w rodzinie, kto mógłby go chcieć.	pl/chapter_pl_arc_22.wav	3031040	44100	68.731
reply_pl_trailing_soft_20	reply	pl	trailing	soft	Wracaliśmy drogą wzdłuż portu, łodzie cicho uderzały o pomosty, i żadne z nas długo nic nie mówiło. Nie trzeba było. [soft]	pl/reply_pl_trailing_soft_20.wav	319488	44100	7.245
reply_pl_leading_fearful_20	reply	pl	leading	fearful	[fearful] Na całej ulicy naraz zgasło światło. Żadnego szumu lodówki, żadnych latarni, zupełnie nic. A potem usłyszałam, jak otwiera się furtka, i przypomniałam sobie, że ją zamykałam.	pl/reply_pl_leading_fearful_20.wav	456704	44100	10.356
reply_pl_mid_soft_20	reply	pl	mid	soft	Położna pokazała nam, jak go trzymać, jedna dłoń pod główką, a [soft] potem wszyscy wyszli z sali i po raz pierwszy byliśmy we trójkę.	pl/reply_pl_mid_soft_20.wav	364544	44100	8.266
chapter_pl_arc_23	chapter	pl	per_sentence	fearful,fast,surprised,soft,laugh	[fearful] Alarm przeciwpożarowy włączył się o czwartej nad ranem, w hotelu, w którym nikt z nas nie mówił w miejscowym języku, a oznaczenia na korytarzu były, delikatnie mówiąc, niejednoznaczne. [fast] Otworzyłem drzwi, wyciągnąłem brata z drugiego łóżka, złapałem paszporty z biurka, bo najwyraźniej moje ręce uznały, że to jest teraz najważniejsze, i zeszliśmy jedenaście pięter boso. [fast] Pół budynku stało już na parkingu, owinięte w kołdry, i nikt nie mógł znaleźć nikogo z obsługi, kogo dałoby się zapytać. [surprised] Po jakichś dwudziestu minutach wyszła bardzo spokojna pracowniczka i wyjaśniła starannym angielskim, że gość z czwartego piętra palił pod czujnikiem, i że w żadnym momencie się nie paliło. [soft] Zapadła długa cisza, w której czterysta osób to przetwarzało. [soft] Potem ktoś z tyłu zaczął się śmiać, i w jakieś dziesięć sekund rozeszło się to po całym parkingu. [laugh] Mój brat spojrzał na to, co trzyma w ręce, czyli na pilota od telewizora, i nie potrafił wyjaśnić ani mnie, ani sobie, po co go zabrał.	pl/chapter_pl_arc_23.wav	2299904	44100	52.152
reply_pl_trailing_surprised_30	reply	pl	trailing	surprised	Zarezerwowaliśmy najtańszy pokój w całym obiekcie, na samym tyle, bez widoku, bez balkonu. Przy zameldowaniu bez słowa dali nam wyższy standard, a zorientowałem się dopiero, kiedy odsunąłem zasłony. [surprised]	pl/reply_pl_trailing_surprised_30.wav	512000	44100	11.610
reply_pl_leading_whispers_20	reply	pl	leading	whispers	[whispers] Jeszcze się nie ruszaj. Na skraju polany stoi sarna, zaraz za tą przewróconą brzozą, i jeszcze nas nie zauważyła. Jeśli będziemy zupełnie cicho, może wyjdzie za nią młode.	pl/reply_pl_leading_whispers_20.wav	409600	44100	9.288
reply_pl_mid_chuckle_30	reply	pl	mid	chuckle	Upierał się, że sam naprawił kran, pokazał mi nawet paragon za części, i [chuckle] w momencie, w którym go odkręciłam, całość została mi w ręce i trafiła w sufit.	pl/reply_pl_mid_chuckle_30.wav	419840	44100	9.520
chapter_pl_arc_24	chapter	pl	per_sentence	soft,excited,angry,sad,happy	[soft] Świetlica była zarezerwowana pod wystawę od stycznia, jedna długa sala ze złym oświetleniem i podłogą, która widziała czterdzieści lat badmintona. [excited] Priya przez trzy miesiące zbierała fotografie, chodziła od drzwi do drzwi i pożyczała albumy od ludzi, którzy nigdy nikomu spoza rodziny ich nie pokazywali. [excited] Do piątku na ścianach wisiało dwieście jedenaście odbitek, ułożonych dekadami, a na końcu stał stół dla każdego, kto chciał dopisać ołówkiem podpis. [angry] W sobotę rano zarząd świetlicy oznajmił jej, że był inspektor przeciwpożarowy, że plansze zasłaniają drugie wyjście i że wszystko ze ściany wschodniej musi zniknąć przed otwarciem. [angry] To było sześćdziesiąt fotografii, całe lata siedemdziesiąte, a ludzie z tych zdjęć przychodzili na jedenastą. [sad] Zdjęła je sama, jedną po drugiej, i ułożyła w stos na scenie, licem do góry, tam gdzie nikt ich nie zobaczy. [soft] Potem jakiś nieznajomy zapytał, co jest w tym stosie, wysłuchał całej historii i wyszedł do swojego busa. [happy] Wrócił z ośmioma składanymi sztalugami z firmy ślubnej swojej siostry, i pięć po jedenastej całe lata siedemdziesiąte stały na środku sali, tak że ludzie musieli je obchodzić, co wszyscy uznali potem za rozwiązanie od początku lepsze.	pl/chapter_pl_arc_24.wav	3010560	44100	68.267
reply_pl_leading_sarcastic_20	reply	pl	leading	sarcastic	[sarcastic] Doskonałe wyczucie czasu. Ogrzewanie wysiada dokładnie w tygodniu, w którym robi się zimno, hydraulik może najwcześniej w czwartek, a infolinia alarmowa odtwarza mi komunikat o tym, jak bardzo mnie sobie cenią.	pl/reply_pl_leading_sarcastic_20.wav	522240	44100	11.842
reply_pl_mid_whispers_31	reply	pl	mid	whispers	Weszliśmy do zakrystii, żeby przeczekać deszcz, i [whispers] okazało się, że w środku ktoś już od godziny ćwiczy na organach, zupełnie sam, przy zgaszonych światłach.	pl/reply_pl_mid_whispers_31.wav	434176	44100	9.845
reply_pl_leading_fast_20	reply	pl	leading	fast	[fast] Dobra, słuchaj, spotkanie przesunięte na jedenastą, na slajdach dalej są liczby z zeszłego kwartału, Priya stoi na obwodnicy, i ktoś musi uprzedzić klienta, zanim się połączy i zobaczy nie tę prezentację.	pl/reply_pl_leading_fast_20.wav	528384	44100	11.981
reply_pl_leading_happy_30	reply	pl	leading	happy	[happy] Działka w tym roku wreszcie się opłaciła. Wróciliśmy po dwóch tygodniach, spodziewając się dżungli, a tam fasola weszła na tyczki, pomidory same się zaczerwieniły, a sąsiedzi bez proszenia wszystko podlewali.	pl/reply_pl_leading_happy_30.wav	509952	44100	11.564
reply_pl_leading_soft_31	reply	pl	leading	soft	[soft] Zostawiła klucze na parapecie, tak jak zawsze, i list oparty o czajnik. Nie było w nim nic dramatycznego, po prostu podziękowanie za wszystkie te lata i prośba, żeby podlewać fikusa.	pl/reply_pl_leading_soft_31.wav	505856	44100	11.471
