id	lang	scale	placement	tags	det_lang	det_prob	lang_ok	wer	errs	nwords	tag_leak	text	hyp
small_en_combined_superhappy_01	en	small	combined	['super happy', 'pitch up']	en	0.9931640625	True	0.0	0	6	False	[super happy] [pitch up] You got into your dream school!	You got into your dream school.
small_en_leading_sad_01	en	small	leading	['sad']	en	0.99755859375	True	0.0	0	10	False	[sad] I didn't think saying goodbye would be this hard.	I didn't think saying goodbye would be this hard.
small_en_mid_gasp_01	en	small	mid	['gasp']	en	0.99609375	True	0.0	0	9	False	She opened the box and [gasp] it was the ring.	She opened the box, and it was the ring.
small_en_multi_angry_01	en	small	multi	['angry', 'sad', 'soft']	en	0.998046875	True	0.0	0	10	False	[angry] You lied to me. [sad] After everything. [soft] I just need space.	You lied to me. After everything, I just need space.
small_en_neutral_neutral_01	en	small	neutral	[]	en	0.9990234375	True	0.2222222222222222	2	9	False	The bakery on Fifth opens at seven on weekdays.	The bakery on 5th opens at 7 on weekdays.
reply_en_per_sentence_sad_01	en	reply	per_sentence	['sad', 'sigh', 'soft']	en	0.9970703125	True	0.0	0	26	False	[sad] I wasn't able to recover the deleted file. [sigh] The backup hadn't run since Tuesday. [soft] But I can help you rebuild it step by step.	I wasn't able to recover the deleted file. The backup hadn't run since Tuesday, but I can help you rebuild it step by step.
small_en_special_laugh_01	en	small	special	['laugh']	en	0.99853515625	True	0.0	0	14	False	He tripped over the cat, caught the lamp [laugh], and bowed like it was planned.	He tripped over the cat, caught the lamp, and bowed like it was planned.
small_en_trailing_sigh_01	en	small	trailing	['sigh']	en	0.9951171875	True	0.2222222222222222	2	9	False	I've reread the same paragraph six times now [sigh].	I've re-read the same paragraph six times now.
small_en_wrap_pitchup_01	en	small	wrap	['pitch up']	en	0.99658203125	True	0.0	0	5	False	And the winner is [pitch up] you!	And the winner is you.
small_en_combined_whispersmallvo_01	en	small	combined	['whisper in a small voice', 'trembling voice']	en	0.98681640625	True	0.0	0	9	False	[whisper in a small voice] [trembling voice] Someone's standing at the end of the hall.	Someone's standing at the end of the hall.
small_en_leading_surprised_01	en	small	leading	['surprised']	en	0.99169921875	True	0.0	0	9	False	[surprised] There's a tiny kitten asleep in my boot.	There's a tiny kitten asleep in my boot.
small_en_mid_excited_01	en	small	mid	['excited']	en	0.99755859375	True	0.0	0	9	False	The phone buzzed and [excited] we'd won the contest!	The phone buzzed and we'd won the contest.
chapter_en_arc_05	en	chapter	multi	['excited', 'surprised', 'sad', 'soft']	en	0.99951171875	True	0.007462686567164179	1	134	False	[excited] We had planned the proposal for months, down to the exact bend in the coastal path where the sunset would frame the cliffs. I'd hidden the ring, bribed the waiter, and rehearsed my speech until the words felt smooth as river stones. [surprised] But when we reached the spot, she was already crying, and for one dizzy heartbeat I thought I had somehow given it all away. [sad] Through her tears she told me her grandmother, the woman who raised her, had passed that very morning, and that she had nearly cancelled our walk. [soft] So I put the ring back in my pocket and simply held her against the wind, and I told her the question would keep, and that there was no view in the world more important than her being heard right then.	We had planned the proposal for months, down to the exact bend in the coastal path where the sunset would frame the cliffs. I had hidden the ring, bribed the waiter, and rehearsed my speech until the words felt smooth as river stones. But when we reached the spot she was already crying, and for one dizzy heartbeat I thought I had somehow given it all away. Through her tears she told me her grandmother, the woman who raised her, had passed that very morning, and that she had nearly cancelled our walk. So I put the ring back in my pocket and simply held her against the wind, and I told her the question would keep, and that there was no view in the world more important than her being heard right then.
small_en_neutral_neutral_02	en	small	neutral	[]	en	0.99853515625	True	0.1	1	10	False	Mix two cups of flour with a pinch of salt.	Mix 2 cups of flour with a pinch of salt.
chapter_en_arc_02	en	chapter	per_sentence	['soft', 'sad', 'trembling voice', 'sigh', 'excited']	en	0.99951171875	True	0.013422818791946308	2	149	False	[soft] The hospital corridor was quiet at three in the morning, the kind of quiet that has weight to it. I sat with my coffee going cold and watched the second hand crawl around the clock above the nurses' station. [sad] My mother had been in that room for nine days, and each day she said a little less, until words became a luxury neither of us could afford. [trembling voice] When the doctor came out, I could not read her face, and the gap between her first step and her first word felt like falling. [sigh] She told me the fever had broken, that the worst had passed, that my mother had asked for toast and complained about the pillows. [excited] I laughed so loudly that a nurse shushed me, and I did not care one bit, because for the first time in over a week the future had a door in it again.	The hospital corridor was quiet at three in the morning, the kind of quiet that has weight to it. I sat with my coffee going cold and watched the second hand crawl around the clock above the nurse's station. My mother had been in that room for nine days, and each day she said a little less, until words became a luxury neither of us could afford. When the doctor came out, I could not read her face, and the gap between her first step and her first word felt like falling. She told me the fever had broken, that the worst had passed, that my mother had asked for toast and complained about the pillows. I laughed so loudly that a nurse shushed me, and I did not care one bit, because for the first time in over a week the future had a door in it again.
small_en_special_chuckle_01	en	small	special	['chuckle']	en	0.970703125	True	0.0	0	9	False	You really named the goldfish Sir Reginald [chuckle] the Third?	You really named the goldfish Sir Reginald the Third?
small_en_trailing_laugh_01	en	small	trailing	['laugh']	en	0.99560546875	True	0.0	0	8	False	And then the dog stole the entire roast [laugh].	And then the dog stole the entire roast.
small_en_wrap_whispering_01_s2	en	small	wrap	['whispering']	en	0.99609375	True	0.0	0	5	False	Please be [whispering] very quiet now.	Please be very quiet now.
small_en_combined_hurrytone_01_s2	en	small	combined	['in a hurry tone', 'excited']	en	0.99755859375	True	0.0	0	6	False	[in a hurry tone] [excited] Come on, the parade is starting!	Come on, the parade is starting!
small_en_leading_whispers_01	en	small	leading	['whispers']	en	0.99755859375	True	0.0	0	8	False	[whispers] The baby just fell asleep, so tread lightly.	The baby just fell asleep, so tread lightly.
reply_en_mid_whispers_01	en	reply	mid	['whispers']	en	0.99853515625	True	0.0	0	18	False	Everyone else is still in the meeting, so [whispers] I'll send you the summary quietly before they notice.	Everyone else is still in the meeting, so I'll send you the summary quietly before they notice.
small_en_multi_happy_01_s2	en	small	multi	['happy', 'surprised', 'laughing']	en	0.99853515625	True	0.0	0	9	False	[happy] You came! [surprised] Wait, is that a cake? [laughing] You remembered!	You came. Wait, is that a cake? You remembered.
small_en_neutral_neutral_03	en	small	neutral	[]	en	0.99658203125	True	0.1111111111111111	1	9	False	The train to the coast leaves from platform nine.	The train to the coast leaves from Platform 9.
reply_en_per_sentence_excited_01_s2	en	reply	per_sentence	['excited', 'happy', 'laughing']	en	0.99755859375	True	0.0	0	17	False	[excited] Your code finally compiled! [happy] Every test is passing now. [laughing] I knew that missing semicolon was the culprit.	your code finally compiled. Every test is passing now. I knew that missing semicolon was the culprit.
reply_en_special_laugh_01	en	reply	special	['laugh']	en	0.99609375	True	0.05555555555555555	1	18	False	So I followed your recipe exactly, and the soufflé rose beautifully [laugh] right before it collapsed into the oven.	So I followed your recipe exactly and the souffle rose beautifully right before it collapsed into the oven.
small_en_trailing_whispers_01	en	small	trailing	['whispers']	en	0.998046875	True	0.0	0	10	False	Don't tell anyone, but I ate the last cookie [whispers].	Don't tell anyone, but I ate the last cookie.
small_en_wrap_shouting_01_s2	en	small	wrap	['shouting']	en	0.9765625	True	0.0	0	7	False	I told you to [shouting] stop the car!	I told you to stop the car!
reply_en_combined_hurrytone_01_s2	en	reply	combined	['in a hurry tone', 'excited']	en	0.9970703125	True	0.0	0	14	False	[in a hurry tone] [excited] Grab your coat, the northern lights are out and they won't last long!	Grab your coat, the northern lights are out and they won't last long.
reply_en_leading_soft_01	en	reply	leading	['soft']	en	0.99658203125	True	0.0	0	18	False	[soft] That sounds like a really rough week. Take your time, and tell me whatever feels most pressing first.	That sounds like a really rough week. Take your time and tell me whatever feels most pressing first.
small_en_mid_fearful_01_s2	en	small	mid	['fearful']	en	0.99853515625	True	0.0	0	9	False	I was halfway down the trail when [fearful] something growled.	I was halfway down the trail when something growled.
small_en_multi_excited_01_s2	en	small	multi	['excited', 'fearful', 'whispering']	en	0.99609375	True	0.0	0	12	False	[excited] We made it to the cave! [fearful] Did you hear that? [whispering] Stay close.	We made it to the cave. Did you hear that? Stay close.
reply_en_neutral_neutral_01	en	reply	neutral	[]	en	0.99951171875	True	0.125	2	16	False	I've scheduled the meeting for ten on Thursday and sent invites to the whole team.	I scheduled the meeting for 10 on Thursday and sent invites to the whole team.
reply_en_per_sentence_surprised_01_s2	en	reply	per_sentence	['surprised', 'happy', 'excited']	en	0.9951171875	True	0.0	0	16	False	[surprised] Wait, you ran a marathon? [happy] That is genuinely incredible. [excited] Tell me everything about the finish line!	Wait, you ran a marathon? That is genuinely incredible. Tell me everything about the finish line.
small_en_special_sighing_01_s2	en	small	special	['sighing']	en	0.990234375	True	0.0	0	12	False	I packed everything, double-checked the list [sighing], and still forgot my charger.	I packed everything, double-checked the list, and still forgot my charger.
reply_en_trailing_chuckle_01	en	reply	trailing	['chuckle']	en	0.99658203125	True	0.07692307692307693	1	13	False	I tried your shortcut and somehow ended up with thirty browser tabs open [chuckle].	I tried your shortcut and somehow ended up with 30 browser tabs open.
reply_en_wrap_one_word_20	en	reply	wrap	['whispers']	en	0.99755859375	True	0.0	0	30	False	The whole hall went quiet when the curator lifted the cloth, and someone behind me said [whispers] extraordinary, and that was the only word anyone managed for a good ten seconds.	The whole hall went quiet when the curator lifted the cloth, and someone behind me said, Extraordinary, and that was the only word anyone managed for a good ten seconds.
reply_en_combined_softsad_20	en	reply	combined	['soft', 'sad']	en	0.998046875	True	0.0	0	35	False	[soft] [sad] I found his handwriting in the margin of the cookbook, just a note about using less salt. Such an ordinary thing to leave behind, and I couldn't put the book down for an hour.	I found his handwriting in the margin of the cookbook, just a note about using less salt. Such an ordinary thing to leave behind, and I couldn't put the book down for an hour.
small_en_leading_excited_01_s2	en	small	leading	['excited']	en	0.9638671875	True	0.0	0	9	False	[excited] We finally got the keys to our first house!	We finally got the keys to our first house.
small_en_mid_disdainful_01_s2	en	small	mid	['disdainful']	en	0.998046875	True	0.0	0	10	False	He called it gourmet but [disdainful] it was a frozen burrito.	He called it gourmet, but it was a frozen burrito.
reply_en_multi_fearful_01_s2	en	reply	multi	['fearful', 'surprised', 'happy']	en	0.99853515625	True	0.0	0	18	False	[fearful] The smoke alarm went off at midnight. [surprised] Turns out it was just the toaster. [happy] Crisis averted, breakfast saved.	The smoke alarm went off at midnight. Turns out it was just the toaster. Crisis averted. Breakfast saved.
reply_en_neutral_neutral_02	en	reply	neutral	[]	en	0.99951171875	True	0.0	0	12	False	To reset your password, open settings, choose security, and select change password.	To reset your password, open Settings, choose Security, and select Change Password.
chapter_en_arc_01_s2	en	chapter	per_sentence	['happy', 'surprised', 'fearful', 'sighing']	en	0.99951171875	True	0.013157894736842105	2	152	False	[happy] The morning of the village fair began like a painting, all yellow light and the smell of fresh bread drifting between the stalls. Children chased ribbons down the lane while old men argued cheerfully over the price of plums. [surprised] Then a shout rolled in from the river road, sharp and out of place, and every head turned at once. [fearful] Word spread that the old bridge had buckled under the weight of a loaded cart, and somewhere beneath the splintered timbers a child was crying. [sighing] For a long moment nobody moved, the whole fair holding its breath as the water churned brown and angry. [happy] Then the blacksmith waded in to his waist, lifted the boy free, and raised him dripping above the crowd, and the cheer that broke loose shook the apple carts. By dusk the fiddles were out again, and the fair felt less like a celebration and more like a thanksgiving.	The morning of the village fair began like a painting, all yellow light and the smell of fresh bread drifting between the stalls. Children chased ribbons down the lane, while old men argued cheerfully over the price of plums. Then a shout rolled in from the river road, sharp and out of place, and every head turned at once. Word spread that the old bridge had buckled under the weight of a loaded cart, and somewhere beneath the splintered timbers a child was crying. For a long moment nobody moved, the whole fair holding its breath as the water churned brown and angry. Then the blacksmith waded into his waist, lifted the boy free, and raised him dripping above the crowd, and the cheer that broke loose shook the apple carts. By dusk the fiddles were out again, and the fair felt less like a celebration and more like a thanksgiving.
reply_en_special_laugh_20	en	reply	special	['laugh']	en	0.99755859375	True	0.0	0	39	False	So he stands up to give this very serious toast, taps the glass, clears his throat, and the entire bottom of the glass falls off onto the table [laugh] and he just carries on with the speech holding the stem.	So he stands up to give this very serious toast, taps the glass, clears his throat and the entire bottom of the glass falls off onto the table and he just carries on with the speech holding the stem.
small_en_trailing_sarcastic_01_s2	en	small	trailing	['sarcastic']	en	0.9990234375	True	0.1	1	10	False	Sure, traffic at five on a Friday, what a treat [sarcastic].	Sure, traffic at 5 on a Friday, what a treat.
reply_en_wrap_name_20	en	reply	wrap	['soft']	en	1.0	True	0.0	0	25	False	They read the list of names slowly, one after another, and when they reached [soft] Margaret, the man in the front row finally lowered his head.	They read the list of names slowly, one after another, and when they reached, Margaret, the man in the front row, finally lowered his head.
reply_en_combined_fastexcited_20	en	reply	combined	['fast', 'excited']	en	0.998046875	True	0.0	0	38	False	[fast] [excited] Right, so the taxi's outside, the passports are in the blue bag, I've already checked us in, and if we leave in the next four minutes we make the early train instead of the late one.	Right, so the taxi's outside, the passports are in the blue bag, I've already checked us in, and if we leave in the next four minutes, we make the early train instead of the late one.
small_en_leading_angry_01_s2	en	small	leading	['angry']	en	0.99365234375	True	0.0	0	7	False	[angry] You read my journal without even asking?	You read my journal without even asking.
reply_en_mid_sarcastic_01_s2	en	reply	mid	['sarcastic']	en	0.9990234375	True	0.0	0	21	False	I rebooted the router three times and checked every cable, and naturally [sarcastic] it started working the moment the technician called back.	I rebooted the router three times and checked every cable and naturally it started working the moment the technician called back.
chapter_en_arc_04_s2	en	chapter	multi	['whispering', 'fearful', 'shouting', 'laughing']	en	0.9990234375	True	0.0	0	157	False	The lighthouse had been dark for forty years, and the four of us crept up its spiral stairs on a dare we already regretted. [whispering] Keep your voices down, I told them, as if the building itself were sleeping and we might wake it. The steps groaned underfoot and the salt wind found every crack in the walls. [fearful] Halfway up, a door slammed somewhere above us with no wind to explain it, and Tom grabbed my sleeve so hard he nearly pulled us both down the stairs. We froze, hearts hammering, listening to footsteps that might have been our own echo or might not. [shouting] Run, somebody yelled, and suddenly we were all yelling, tumbling down the spiral in a tangle of elbows and flashlights. [laughing] We spilled out onto the rocks gasping, and once we realized the slamming door had only been an old shutter, we laughed until we cried, the fear washing out of us with the tide.	The lighthouse had been dark for forty years, and the four of us crept up its spiral stairs on a dare we already regretted. Keep your voices down, I told them, as if the building itself were sleeping and we might wake it. The steps groaned underfoot, and the salt wind found every crack in the walls. Halfway up, a door slammed somewhere above us with no wind to explain it, and Tom grabbed my sleeve so hard he nearly pulled us both down the stairs. We froze, hearts hammering, listening to footsteps that might have been our own echo or might not. Run, somebody yelled, and suddenly we were all yelling, tumbling down the spiral in a tangle of elbows and flashlights. We spilled out onto the rocks, gasping, and once we realized the slamming door had only been an old shutter, we laughed until we cried, the fear washing out of us with the tide.
chapter_en_arc_06	en	chapter	neutral	[]	en	0.998046875	True	0.0	0	165	False	The library reading room occupies the eastern wing of the old courthouse, beneath a ceiling of pressed tin that has been painted over so many times the patterns have gone soft at the edges. Long oak tables run the length of the room, each fitted with a brass lamp and a worn leather inlay where generations of elbows have rested. Morning light enters through tall windows on the south wall, crossing the floor in slow rectangles that mark the hours better than any clock. The reference shelves line the north side, arranged by subject and then by date, with the oldest atlases kept in a locked case near the librarian's desk. Visitors are asked to sign the register at the entrance, to keep their voices low, and to return each volume to the reshelving cart rather than the stacks. In winter the radiators tick and hiss along the baseboards, and the room holds a warmth that makes the afternoons here particularly difficult to leave.	The library reading room occupies the eastern wing of the old courthouse, beneath a ceiling of pressed tin that has been painted over so many times the patterns have gone soft at the edges. Long oak tables run the length of the room, each fitted with a brass lamp and a worn leather inlay where generations of elbows have rested. Morning light enters through tall windows on the south wall, crossing the floor in slow rectangles that mark the hours better than any clock. The reference shelves line the north side, arranged by subject and then by date. With the oldest atlases kept in a locked case near the librarian's desk, visitors are asked to sign the register at the entrance to keep their voices low and to return each volume to the reshelving cart rather than the stacks. In winter the radiators tick and hiss along the baseboards and the room holds a warmth that makes the afternoons here. Particularly difficult to leave.
chapter_en_arc_03_s2	en	chapter	per_sentence	['sad', 'sighing', 'fearful', 'surprised', 'happy']	en	0.9990234375	True	0.18125	29	160	False	[sad] When the factory closed, the whole town seemed to exhale and forget to breathe back in. The diner emptied, the church bell rang to fewer ears, and for-sale signs sprouted on lawns like a slow grey frost. [sighing] My father, who had given thirty years to that line, took to fixing radios in the garage just to keep his hands from going still. [fearful] Some nights I heard him doing the numbers at the kitchen table, the pencil pressing harder and harder, and I learned to walk softly past that doorway. [surprised] Then one spring a stranger bought the empty shell of the plant, not to tear it down but to fill it with workbenches, glassblowers, and the bright noise of people making things again. [happy] My father was the first man through the new doors, and when he came home that evening he was grinning like a boy, sawdust in his hair, talking faster than I had heard him talk in years.	When the factory closed, the whole town seemed to exhale and forget to breathe back in. The diner emptied, the church bell rang to fewer ears, and for sale signs sprouted on lawns like a slow gray frost. My father, who had given thirty years to that line, took to fixing radios in the garage just to keep his hands from going still. Some nights I heard him doing the numbers at the kitchen table, the pencil pressing harder and harder, and I learned to walk softly past that doorway. Then one spring a stranger bought the empty shell of the plant, not to tear it down, but to fill it with workbenches, glass blowers, and the bright noise of people making things again. My father was the first man through the new doors, and when he came home that evening he was grinning like a boy, sawdust in his hair. My father was the first man through the new doors, and when he came home that evening he was grinning like a boy, sawdust in his hair.
reply_en_special_gasp_20	en	reply	special	['gasp']	en	0.9990234375	True	0.0	0	32	False	She turned the last corner of the trail expecting more forest, and the whole valley opened up beneath her [gasp] with the lake catching the light all the way to the far ridge.	She turned the last corner of the trail expecting more forest and the whole valley opened up beneath her, with the lake catching the light all the way to the far ridge.
reply_en_trailing_sighing_01_s2	en	reply	trailing	['sighing']	en	0.99853515625	True	0.15384615384615385	2	13	False	I checked the flights again and prices went up another forty dollars overnight [sighing].	I checked the flights again and prices went up another $40 overnight.
reply_en_wrap_number_20	en	reply	wrap	['surprised']	en	0.99951171875	True	0.0	0	34	False	I asked the mechanic for a rough estimate, bracing myself, and he looked at the engine for a moment and said [surprised] forty, which is not a number I was prepared for in either direction.	I asked the mechanic for a rough estimate, bracing myself, and he looked at the engine for a moment and said forty, which is not a number I was prepared for in either direction.
reply_en_combined_whisperfear_20	en	reply	combined	['whispers', 'fearful']	en	0.99365234375	True	0.0	0	27	False	[whispers] [fearful] There's someone on the landing. I can hear the floorboard by the airing cupboard, the one that always goes. Don't turn the light on yet.	There's someone on the landing I can hear the floorboard by the airing cupboard the one that always goes don't turn the light on yet
reply_en_leading_happy_01_s2	en	reply	leading	['happy']	en	0.998046875	True	0.0	0	23	False	[happy] Of course I can help with that! Let's start by listing what you already have, and I'll fill in the rest.	Of course I can help with that. Let's start by listing what you already have and I'll fill in the rest.
reply_en_mid_surprised_20	en	reply	mid	['surprised']	en	0.99951171875	True	0.0	0	32	False	I opened the letter expecting another rejection, and [surprised] it was an acceptance with a full scholarship attached. I had to sit down on the stairs and read it twice before it registered.	I opened the letter expecting another rejection, and it was an acceptance with a full scholarship attached. I had to sit down on the stairs and read it twice before it registered.
reply_en_multi_joy_grief_20	en	reply	multi	['excited', 'sad', 'soft']	en	0.99951171875	True	0.0	0	44	False	[excited] The results came back clear, completely clear, and I actually shouted in the corridor. [sad] Then I remembered that Anna got her results the same week last year and hers weren't. [soft] So I sat in the car for a while before I drove home.	The results came back clear, completely clear, and I actually shouted in the corridor. Then I remembered that Anna got her results the same week last year and hers weren't. So I sat in the car for a while before I drove home.
reply_en_neutral_20	en	reply	neutral	[]	en	0.998046875	True	0.02702702702702703	1	37	False	The library moved its reference section to the second floor over the summer. The reading room stays open until eight on weekdays now, and the microfilm machines have been replaced with two scanning stations near the window.	The library moved its reference section to the second floor over the summer. The reading room stays open until 8 on weekdays now, and the microfilm machines have been replaced with two scanning stations near the window.
reply_en_per_sentence_arc_20	en	reply	per_sentence	['soft', 'surprised', 'excited']	en	0.99951171875	True	0.0	0	45	False	[soft] The envelope had been sitting behind the clock since March. [surprised] Inside was a photograph I'd never seen, of my mother at about nineteen, laughing at something off-camera. [excited] And on the back, in pencil, the name of the street where she met my father.	The envelope had been sitting behind the clock since March. Inside was a photograph I'd never seen, of my mother at about nineteen, laughing at something off camera, and on the back, in pencil, the name of the street where she met my father.
reply_en_special_sigh_20	en	reply	special	['sigh']	en	0.998046875	True	0.08	2	25	False	I rewrote the whole chapter, restructured it, cut four thousand words [sigh] and my editor's only note was that the original opening had been better.	I rewrote the whole chapter, restructured it, cut 4,000 words, and my editor's only note was that the original opening had been better.
reply_en_trailing_sigh_20	en	reply	trailing	['sigh']	en	0.9990234375	True	0.0	0	29	False	The train was cancelled, the replacement bus never came, and by the time I reached the office the meeting had already ended. So that was the entire morning, gone. [sigh]	The train was cancelled, the replacement bus never came, and by the time I reached the office the meeting had already ended. So that was the entire morning, gone.
reply_en_wrap_place_20	en	reply	wrap	['excited']	en	0.99951171875	True	0.0	0	36	False	He kept saying the destination was a surprise right up until the departure board flipped over and showed [excited] Lisbon, and I made a noise in the middle of the terminal that I'm not proud of.	He kept saying the destination was a surprise right up until the departure board flipped over and showed Lisbon and I made a noise in the middle of the terminal that I'm not proud of.
reply_en_combined_pitchhappy_20	en	reply	combined	['pitch up', 'super happy']	en	0.998046875	True	0.0	0	25	False	[pitch up] [super happy] They said yes! Not a maybe, not a we'll think about it, an actual unconditional yes, and they want us to start in September!	They said yes, not a maybe, not a we'll think about it, an actual unconditional yes, and they want us to start in September.
reply_en_leading_excited_20	en	reply	leading	['excited']	en	0.998046875	True	0.0	0	36	False	[excited] Okay, so I checked the tracking number three times this morning and it finally moved. It's out for delivery. After six weeks of waiting, the thing is actually going to be on my doorstep tonight.	Okay, so I checked the tracking number three times this morning and it finally moved. It's out for delivery. After six weeks of waiting, the thing is actually going to be on my doorstep tonight.
reply_en_mid_excited_20	en	reply	mid	['excited']	en	0.99755859375	True	0.0625	2	32	False	We were halfway through the second set when the sound cut out completely, and then [excited] the entire crowd just picked up the chorus and carried it themselves. Two thousand people, no microphones.	We were halfway through the second set when the sound cut out completely and then the entire crowd just picked up the chorus and carried it themselves. 2,000 people, no microphones.
reply_en_multi_anger_calm_20	en	reply	multi	['angry', 'sigh', 'soft']	en	0.998046875	True	0.029411764705882353	1	34	False	[angry] I told them the deadline was immovable, I put it in writing, I said it in the meeting. [sigh] And of course it moved anyway. [soft] Honestly, at this point I've stopped expecting anything else.	I told him the deadline was immovable. I put it in writing. I said it in the meeting. And of course it moved anyway. Honestly, at this point, I've stopped expecting anything else.
reply_en_neutral_21	en	reply	neutral	[]	en	0.99951171875	True	0.0	0	37	False	Add the flour a third at a time and fold it in rather than stirring. The batter should still look slightly uneven when you stop. Overworking it at this stage is what makes the finished cake dense.	Add the flour a third at a time and fold it in rather than stirring. The batter should still look slightly uneven when you stop. Overworking it at this stage is what makes the finished cake dense.
reply_en_per_sentence_worry_20	en	reply	per_sentence	['fearful', 'trembling voice', 'soft']	en	0.99755859375	True	0.0	0	38	False	[fearful] The call came at twenty past two in the morning. [trembling voice] I couldn't get the words out properly, I just kept asking which hospital. [soft] By the time I arrived he was already awake and complaining about the tea.	The call came at twenty past two in the morning. I couldn't get the words out properly, I just kept asking which hospital. By the time I arrived, he was already awake and complaining about the tea.
reply_en_special_chuckle_20	en	reply	special	['chuckle']	en	1.0	True	0.0	0	35	False	My father spent the entire holiday insisting he didn't need a map, we were absolutely going the right way [chuckle] and we ended up in a completely different country than the one we'd booked.	My father spent the entire holiday insisting he didn't need a map. We were absolutely going the right way, and we ended up in a completely different country than the one we'd booked.
reply_en_trailing_laugh_20	en	reply	trailing	['laugh']	en	0.99951171875	True	0.027777777777777776	1	36	False	I spent forty minutes searching the house for my glasses, checked every room twice, went through the laundry basket, and then caught my reflection in the hallway mirror. They were on my head the whole time. [laugh]	I spent 40 minutes searching the house for my glasses, checked every room twice, went through the laundry basket, and then caught my reflection in the hallway mirror. They were on my head the whole time.
reply_en_combined_softwhisper_30	en	reply	combined	['soft', 'whisper in a small voice']	en	0.99951171875	True	0.0	0	30	False	[soft] [whisper in a small voice] He asked if the dog would still be there when he woke up, and I had to decide in about half a second what kind of answer that question deserved.	He asked if the dog would still be there when he woke up, and I had to decide in about half a second what kind of answer that question deserved.
reply_en_leading_sad_20	en	reply	leading	['sad']	en	0.99853515625	True	0.0	0	38	False	[sad] I went back to the old apartment to pick up the last box. Someone had already repainted the kitchen. It's silly, but standing in that doorway I realized I'd never really said goodbye to the place.	I went back to the old apartment to pick up the last box. Someone had already repainted the kitchen. It's silly, but standing in that doorway I realized I'd never really said goodbye to the place.
reply_en_mid_sad_20	en	reply	mid	['sad']	en	0.9990234375	True	0.0	0	38	False	He kept the shop open right through the winter, and [sad] on the last day he polished every surface before he turned the sign around. Forty-one years, and he wanted it to look right for whoever came next.	He kept the shop open right through the winter, and on the last day he polished every surface before he turned the sign around. Forty-one years, and he wanted it to look right for whoever came next.
reply_en_multi_fear_relief_20	en	reply	multi	['fearful', 'surprised', 'happy']	en	0.99951171875	True	0.0	0	40	False	[fearful] I couldn't find him anywhere in the park, not by the swings, not by the pond. [surprised] Then a woman tapped my shoulder and pointed at the bandstand. [happy] He was up there conducting an imaginary orchestra, perfectly happy, completely unaware.	I couldn't find him anywhere in the park, not by the swings, not by the pond. Then a woman tapped my shoulder and pointed at the bandstand. He was up there conducting an imaginary orchestra, perfectly happy, completely unaware.
reply_en_neutral_22	en	reply	neutral	[]	en	0.99853515625	True	0.023809523809523808	1	42	False	The northbound platform is closed for resurfacing until the end of the month. Services are departing from platform four instead, and the lift to the footbridge is out of service, so step-free access is via the side entrance on Mill Street.	The northbound platform is closed for resurfacing until the end of the month. Services are departing from Platform 4 instead, and the lift to the footbridge is out of service, so step-free access is via the side entrance on Mill Street.
reply_en_per_sentence_humour_20	en	reply	per_sentence	['chuckle', 'sigh', 'laugh']	en	1.0	True	0.0	0	41	False	[chuckle] I decided this year I'd assemble the furniture myself, how hard could it be. [sigh] Four hours later I had a wardrobe with the doors on the inside. [laugh] And two screws left over that I have chosen not to think about.	I decided this year I'd assemble the furniture myself. How hard could it be? Four hours later, I had a wardrobe with the doors on the inside and two screws left over that I have chosen not to think about.
reply_en_special_sniff_30	en	reply	special	['breathing heavily']	en	0.99755859375	True	0.02702702702702703	1	37	False	I ran the last kilometre far too fast because I could see the clock over the finish, and I crossed it with nine seconds to spare [breathing heavily] and then couldn't speak to anybody for about a minute.	I ran the last kilometer far too fast because I could see the clock over the finish, and I crossed it with nine seconds to spare, and then couldn't speak to anybody for about a minute.
reply_en_trailing_happy_20	en	reply	trailing	['happy']	en	1.0	True	0.02564102564102564	1	39	False	She learned the whole piece by ear over one weekend, then played it at dinner without telling anyone she'd been practising. Her grandfather didn't say a word, he just sat there with his hand over his mouth. [happy]	she learned the whole piece by ear over one weekend then played it at dinner without telling anyone she'd been practicing her grandfather didn't say a word he just sat there with his hand over his mouth
reply_en_leading_angry_20	en	reply	leading	['angry']	en	0.99951171875	True	0.0	0	39	False	[angry] They cancelled the whole project in a two-line email. Eight months of work, four people, and not one of them thought a conversation was warranted. I'm not upset about the decision, I'm upset about the cowardice.	They cancelled the whole project in a two-line email. Eight months of work, four people, and not one of them thought a conversation was warranted. I'm not upset about the decision. I'm upset about the cowardice.
reply_en_mid_angry_20	en	reply	mid	['angry']	en	0.99951171875	True	0.0	0	37	False	I asked for the report on Monday, I asked again on Wednesday, and [angry] this morning I find out it was finished the whole time and sitting in someone's drafts folder. That is not a scheduling problem.	I asked for the report on Monday, I asked again on Wednesday, and this morning I find out it was finished the whole time and sitting in someone's drafts folder. That is not a scheduling problem.
reply_en_multi_tense_hopeful_20	en	reply	multi	['trembling voice', 'soft', 'excited']	en	0.99853515625	True	0.041666666666666664	2	48	False	[trembling voice] The engine wouldn't turn over, and we were forty kilometres from the nearest town. [soft] I sat on the bumper and tried to think it through calmly. [excited] And then a farmer came round the bend in a pickup with a set of jump leads on the passenger seat.	The engine wouldn't turn over and we were 40 km from the nearest town. I sat on the bumper and tried to think it through calmly. And then a farmer came round the bend in a pickup with a set of jump leads on the passenger seat.
chapter_en_arc_20	en	chapter	per_sentence	['soft', 'fearful', 'trembling voice', 'surprised', 'happy']	en	1.0	True	0.012048192771084338	3	249	False	[soft] The lighthouse had been automated for eleven years, but the keeper's cottage still had its furniture, and every spring someone from the trust came out to check the roof and air the rooms. That year it was Ruth, because nobody else wanted the boat trip. [soft] She landed on a flat grey morning with the sea barely moving, unlocked the cottage, and opened the windows one by one to let the winter out. [fearful] It was on the second afternoon that she found the logbook, wedged behind a drawer that had swollen shut, and the last entry was dated three weeks after the light was supposed to have been left empty. [trembling voice] The handwriting was steady at the top of the page and much less steady by the bottom, and it described a night of weather that the mainland records insisted had never happened. [fearful] She read it twice, put it down, and became extremely aware of how far the boat was, and how the only other sound was the gulls. [surprised] Then she turned the page, and found a second hand entirely, neat and unhurried, explaining that the first writer had been her grandfather, that the storm had been real, and that the mainland had simply lost the record. [happy] Ruth sat on the cottage step with the book open on her knees until the light started to go, reading a man she had never met describing a sea she had crossed that morning, and she decided the roof could wait another day.	The lighthouse had been automated for eleven years, but the Keeper's Cottage still had its furniture, and every spring someone from the Trust came out to check the roof and air the rooms. That year it was Ruth, because nobody else wanted the boat trip. She landed on a flat grey morning with the sea barely moving, unlocked the cottage and opened the windows one by one to let the winter out. It was on the second afternoon that she found a log book, wedged behind a drawer that had swollen shut, and the last entry was dated three weeks after the light was supposed to have been left empty. The handwriting was steady at the top of the page and much less steady by the bottom, and it described a night of weather that the mainland records insisted had never happened. She read it twice, put it down, and became extremely aware of how far the boat was and how the only other sound was the gulls. Then she turned the page and found a second hand entirely, neat and unhurried, explaining that the first writer had been her grandfather, that the storm had been real, and that the mainland had simply lost the record. Ruth sat on the cottage step with the book open on her knees until the light started to go, reading a man she had never met describing a sea she had crossed that morning, and she decided the roof could wait another day.
reply_en_trailing_soft_20	en	reply	trailing	['soft']	en	0.9990234375	True	0.03333333333333333	1	30	False	We walked back along the harbour road with the boats knocking gently against the pontoons, and neither of us said anything for a long while. It didn't need saying. [soft]	We walked back along the harbor road with the boats knocking gently against the pontoons, and neither of us said anything for a long while. It didn't need saying.
reply_en_leading_soft_20	en	reply	leading	['soft']	en	0.998046875	True	0.0	0	34	False	[soft] She fell asleep about ten minutes into the film, still holding the remote. I didn't want to wake her, so I just turned the volume down and let it play to the end.	She fell asleep about ten minutes into the film, still holding the remote. I didn't want to wake her, so I just turned the volume down and let it play to the end.
reply_en_mid_gasp_20	en	reply	mid	['gasp']	en	0.99951171875	True	0.0	0	32	False	He reached into the bottom of the toolbox for a spanner and [gasp] pulled out his grandfather's watch, the one the family had assumed was lost in the move thirty years ago.	He reached into the bottom of the toolbox for a spanner and pulled out his grandfather's watch, the one the family had assumed was lost in the move thirty years ago.
reply_en_multi_disbelief_20	en	reply	multi	['surprised', 'laugh', 'happy']	en	0.9990234375	True	0.0	0	38	False	[surprised] They called my name and I genuinely thought there'd been a mistake. [laugh] I actually turned around to see if there was another Tom behind me. [happy] There wasn't. It was my name on the certificate and everything.	They called my name and I genuinely thought there'd been a mistake. I actually turned around to see if there was another Tom behind me. There wasn't. It was my name on the certificate and everything.
chapter_en_arc_21	en	chapter	per_sentence	['excited', 'angry', 'sad', 'soft', 'happy']	en	1.0	True	0.0	0	253	False	[excited] The bakery opened on a Tuesday with no sign above the door, because the sign had been delayed, and by nine in the morning there was a queue down to the corner anyway. [excited] Word had gone round the estate for a fortnight, and half the people in that queue had watched Dembe scrub the place out through the window every evening after his shift. [angry] The council inspector arrived at eleven and told him the extraction wasn't certified, that the paperwork he'd been promised in March had never been filed, and that he would have to close. [angry] Dembe pointed out, evenly, that he had rung the office six times, that he had a folder of dated letters, and that the queue outside was still growing while they stood there. [sad] It didn't matter. He turned the oven off at midday, went out to the pavement, and explained to about sixty people that there wouldn't be any bread after all. [soft] An older woman near the front said she would come back on Thursday, and then the man behind her said the same, and it went down the line like that until the street was quiet. [soft] He spent the afternoon sitting among the cooling trays with the folder open in front of him, writing a seventh letter, more carefully than the first six. [happy] The certificate came through on the Friday of the following week, and when he opened the door on the Saturday morning the queue was already there, and it was longer.	The bakery opened on a Tuesday with no sign above the door because the sign had been delayed, and by nine in the morning there was a queue down to the corner anyway. Word had gone round the estate for a fortnight, and half the people in that queue had watched Dembe scrub the place out through the window every evening after his shift. The council inspector arrived at eleven and told him the extraction wasn't certified, that the paperwork he'd been promised in March had never been filed, and that he would have to close. Dembe pointed out evenly that he had rung the office six times, that he had a folder of dated letters, and that the queue outside was still growing while they stood there. It didn't matter. He turned the oven off at midday, went out to the pavement, and explained to about sixty people that there wouldn't be any bread after all. An older woman near the front said she would come back on Thursday, and then the man behind her said the same, and it went down the line like that. Until the street was quiet. He spent the afternoon sitting among the cooling trays with the folder open in front of him, writing a seventh letter, more carefully than the first six. The certificate came through on the Friday of the following week, and when he opened the door on the Saturday morning the queue was already there. And it was longer.
reply_en_trailing_trembling_20	en	reply	trailing	['trembling voice']	en	0.99853515625	True	0.02564102564102564	1	39	False	I had the whole speech written out, I'd practised it in the car, and then I stood up and looked at all of them looking back at me and every single word went straight out of my head. [trembling voice]	I had the whole speech written out, I'd practiced it in the car, and then I stood up and looked at all of them looking back at me and every single word went straight out of my head.
reply_en_leading_fearful_20	en	reply	leading	['fearful']	en	0.9990234375	True	0.058823529411764705	2	34	False	[fearful] The lights went out on the whole street at once. No hum from the fridge, no streetlamps, nothing. And then I heard the back gate swing open, and I remembered I'd locked it.	The lights went out on the whole street at once. No hum from the fridge, no street lamps, nothing. And then I heard the back gate swing open and I remembered I'd locked it.
reply_en_mid_soft_20	en	reply	mid	['soft']	en	0.99853515625	True	0.0	0	32	False	The nurse showed us how to hold him, with one hand under the head, and [soft] then everyone left the room and it was just the three of us for the first time.	The nurse showed us how to hold him with one hand under the head, and then everyone left the room and it was just the three of us for the first time.
chapter_en_arc_22	en	chapter	per_sentence	['soft', 'sad', 'angry', 'trembling voice', 'happy']	en	0.99951171875	True	0.07589285714285714	17	224	False	[soft] My grandmother kept every letter my grandfather sent her from sea, in order, in a biscuit tin that smelled faintly of ginger for the rest of its life. [soft] She read them in rotation, a few each winter, and she never once read them out loud to anybody. [sad] When she died the tin went to my aunt, and my aunt put it in a storage unit in Croydon along with the furniture, and then the storage unit was cleared. [angry] Nobody told us. The company sent a notice to an address my aunt had left four years earlier, waited the statutory period, and disposed of the contents entirely legally. [angry] I spent a week on the phone being told, politely and repeatedly, that everything had been done correctly, which was true, and which helped not at all. [trembling voice] What I could not get past was that the letters had survived two wars, nine house moves and a flood, and were lost to an unread envelope. [soft] Then in March my cousin found four of them in a book of hymns that had gone to a different relative, unread, tucked in flat against the back cover. [happy] Four out of what must have been two hundred. We photographed every page that same afternoon, uploaded them twice, and posted a printed set to everyone in the family who might conceivably want one.	My grandmother kept every letter my grandfather sent her from sea in order in a biscuit tin that smelled faintly of ginger for the rest of its life. She read them in rotation, a few each winter, and she never once read them out loud to anybody. When she died, the tin went to my aunt, and my aunt put it in a storage unit in Croydon, along with the furniture, and then the storage unit was cleared. Nobody told us. The company sent a notice to an address my aunt had left four years earlier, waited the statutory period, and disposed of the contents entirely legally. I spent a week on the phone being told, politely and repeatedly, that everything had been done correctly. Which was not the case. It was true, and which helped not at all. What I could not get past was that the letters had survived two wars, nine house moves, and a flood, and were lost to an unread envelope. Then, in March, my cousin found four of them in a book of hymns that had gone to a different relative, unread, tucked in flat against the back cover, four out of what must have been two hundred. We photographed every page that same afternoon, uploaded them to the internet, and sent them to my aunt. She sent them twice, and posted a printed set to everyone in the family who might conceivably want one.
reply_en_trailing_surprised_30	en	reply	trailing	['surprised']	en	0.99853515625	True	0.0	0	36	False	We booked the cheapest room in the place, right at the back, no view, no balcony. They upgraded us at check-in without saying anything, and I only worked it out when I opened the curtains. [surprised]	We booked the cheapest room in the place, right at the back, no view, no balcony. They upgraded us at check-in without saying anything, and I only worked it out when I opened the curtains.
reply_en_leading_whispers_20	en	reply	leading	['whispers']	en	0.99951171875	True	0.0	0	38	False	[whispers] Don't move yet. There's a deer at the edge of the clearing, just past the fallen birch, and she hasn't seen us. If we stay exactly where we are she might bring the fawn out.	Don't move yet. There's a deer at the edge of the clearing just past the fallen birch, and she hasn't seen us. If we stay exactly where we are, she might bring the fawn out.
reply_en_mid_chuckle_30	en	reply	mid	['chuckle']	en	0.99951171875	True	0.029411764705882353	1	34	False	He insisted he'd fixed the tap himself, showed me the receipt for the parts, and [chuckle] the moment I turned it on the whole thing came away in my hand and hit the ceiling.	He insisted he'd fixed the tap himself, showed me the receipt for the parts, and paintings. The moment I turned it on, the whole thing came away in my hand and hit the ceiling.
chapter_en_arc_23	en	chapter	per_sentence	['fearful', 'fast', 'surprised', 'soft', 'laugh']	en	0.99951171875	True	0.021621621621621623	4	185	False	[fearful] The fire alarm went off at four in the morning in a hotel where none of us spoke the local language and the corridor signage was, generously, ambiguous. [fast] I got the door open, got my brother out of the second bed, grabbed the passports off the desk because that is apparently what my hands decided mattered, and we went down eleven flights of stairs in bare feet. [fast] Half the building was already in the car park, wrapped in duvets, and nobody could find anyone official to ask. [surprised] After about twenty minutes a very calm member of staff came out and explained, in careful English, that a guest on the fourth floor had been smoking under a detector, and that there had never been a fire at any point. [soft] There was a long pause while four hundred people processed that. [soft] Then somebody near the back started laughing, and it spread across the car park in about ten seconds. [laugh] My brother looked down at what he was holding, which was the television remote, and could not explain to me or to himself why he had brought it.	The fire alarm went off at four in the morning in a hotel where none of us spoke the local language and the corridor signage was generously ambiguous. I got the door open, got my brother out of the second bed, grabbed the passports off the desk, because that is apparently what my hands decided mattered, and we went down eleven flights of stairs in bare feet. Half the building was already in the car park, wrapped in duvets, and nobody could find anyone official to ask. After about twenty minutes a very calm member of staff came out and explained, in careful English, that a guest on the fourth floor had been smoking under a detector, and that there had never been a fire at any point. There was a long pause while four hundred people processed that. Then somebody near the back started laughing, and it spread across the car park in about ten seconds. My brother looked down at what he was holding, which was the television remote, and could not explain to me or to himself why he had broken it. He had brought it.
reply_en_leading_sarcastic_20	en	reply	leading	['sarcastic']	en	0.99755859375	True	0.0	0	34	False	[sarcastic] Oh, brilliant timing. The heating breaks the same week the temperature drops, the plumber can't come until Thursday, and the emergency line plays me a recording about how much they value my custom.	Oh, brilliant timing. The heating breaks the same week the temperature drops, the plumber can't come until Thursday, and the emergency line plays me a recording about how much they value my custom.
chapter_en_arc_24	en	chapter	per_sentence	['soft', 'excited', 'angry', 'sad', 'happy']	en	0.99951171875	True	0.0811965811965812	19	234	False	[soft] The village hall had been booked for the exhibition since January, one long room with bad lighting and a floor that had seen forty years of badminton. [excited] Priya had spent three months collecting the photographs, going door to door, borrowing albums from people who had never shown them to anybody outside the family. [excited] By the Friday there were two hundred and eleven prints on the walls, arranged by decade, and a table at the end for anyone who wanted to add a caption in pencil. [angry] On the Saturday morning the hall committee told her the fire officer had been in and the display boards were blocking a secondary exit, and that everything on the east wall would have to come down before opening. [angry] That was sixty photographs, the entire nineteen-seventies, and the people in them were arriving at eleven. [sad] She took them down herself, one at a time, and stacked them face up on the stage where nobody would see them. [soft] Then a man she didn't recognise asked what was in the pile, listened to the whole story, and went out to his van. [happy] He came back with eight folding easels from his sister's wedding business, and by five past eleven the entire nineteen-seventies were standing in the middle of the floor where people had to walk around them, which everyone agreed afterwards had been the better arrangement all along.	The village hall had been booked for the exhibition since January, one long room with bad lighting and a floor that had seen 40 years of badminton. Priya had spent three months collecting the photographs, going door to door, borrowing albums from people who had never shown them to anybody outside the family. By the Friday, there were 211 prints on the walls, arranged by decade, and a table at the end for anyone who wanted to add a caption in pencil. On the Saturday morning, the hall committee told her the fire officer had been in and the display boards were blocking a secondary exit, and that everything on the east wall would have to come down before opening. That was 60 photographs, the entire 1970s, and the people in them were arriving at 11. She took them down herself, one at a time, and stacked them face up on the stage where nobody would see them. Then a man she didn't recognize asked what was in the pile, listened to the whole. He came back with eight folding easels from his sister's wedding business, and by five past eleven the entire 1970s were standing in the middle of the floor where people had to walk around them, which everyone agreed afterwards had been the better arrangement all along.
reply_en_leading_fast_20	en	reply	leading	['fast']	en	0.9990234375	True	0.02631578947368421	1	38	False	[fast] Right, listen, the meeting moved to eleven, the slides still say last quarter's numbers, Priya's stuck on the ring road, and someone needs to tell the client before they dial in and see the wrong deck.	Right, listen. The meeting moved to 11. The slides still say last quarter's numbers. Priya's stuck on the ring road and someone needs to tell the client before they dial in and see the wrong deck.
reply_en_leading_happy_30	en	reply	leading	['happy']	en	0.99951171875	True	0.0	0	42	False	[happy] The allotment finally paid off this year. We came back from two weeks away expecting a jungle, and instead there were beans up the canes, the tomatoes had gone red on their own, and next door had watered everything without being asked.	The allotment finally paid off this year. We came back from two weeks away expecting a jungle, and instead there were beans up the canes. The tomatoes had gone red on their own, and next door had watered everything without being asked.
small_de_combined_fast_01	de	small	combined	['fast', 'excited']	de	0.9970703125	True	0.14285714285714285	1	7	False	[fast] [excited] Komm schnell, du musst das sofort sehen!	Komm schnell, du musst es sofort sehen.
small_de_leading_excited_01	de	small	leading	['excited']	de	0.9716796875	True	0.0	0	5	False	[excited] Wir haben die Wohnung bekommen!	Wir haben die Wohnung bekommen.
small_de_mid_angry_01	de	small	mid	['angry']	de	0.98876953125	True	0.0	0	8	False	Du hast es mir versprochen [angry] und jetzt das.	Du hast es mir versprochen und jetzt das.
small_de_multi_sad_01	de	small	multi	['sad', 'angry', 'sigh']	de	0.99560546875	True	0.3	3	10	False	[sad] Es ist vorbei. [angry] Und das alles wegen ihm. [sigh] Egal jetzt.	ist er vorbei und ist alles wegen ihm, egal jetzt.
small_de_neutral_neutral_01	de	small	neutral	[]	de	0.99609375	True	0.125	1	8	False	Die Milch ist alle, ich geh schnell einkaufen.	Die Milch ist alle, ich gehe schnell einkaufen.
reply_de_per_sentence_sad_01	de	reply	per_sentence	['sad', 'angry', 'sigh']	de	0.9990234375	True	0.0	0	21	False	[sad] Er hat nicht mal angerufen. [angry] Nach allem, was ich für ihn getan habe. [sigh] Vielleicht war es einfach nie wirklich ernst gemeint.	Er hat nicht mal angerufen, nach allem, was ich für ihn getan habe. Vielleicht war es einfach nie wirklich ernst gemeint.
small_de_special_gasp_01	de	small	special	['gasp']	de	0.9990234375	True	0.0	0	10	False	Ich drehte mich um und [gasp] da war es plötzlich weg.	Ich drehte mich um und da war es plötzlich weg.
small_de_trailing_sigh_01	de	small	trailing	['sigh']	de	0.9990234375	True	0.0	0	8	False	Na gut, dann machen wir es eben so [sigh].	Na gut, dann machen wir es eben so.
small_de_wrap_angry_01	de	small	wrap	['angry']	de	0.98828125	True	0.0	0	6	False	Und dann kam dieses eine [angry] Nein.	Und dann kam dieses eine Nein.
small_de_combined_whispering_01_s2	de	small	combined	['whispering', 'fearful']	de	0.98876953125	True	0.3333333333333333	2	6	False	[whispering] [fearful] Da ist jemand draußen im Flur.	Lässt jemand draußen im Flur?
small_de_leading_sad_01	de	small	leading	['sad']	de	0.99267578125	True	0.0	0	7	False	[sad] Ich vermisse mein altes Zuhause so sehr.	Ich vermisse mein altes Zuhause so sehr.
small_de_mid_surprised_01	de	small	mid	['surprised']	de	0.99755859375	True	0.0	0	8	False	Ich öffne die Tür und [surprised] da stehst du.	Ich öffne die Tür und da stehst du.
chapter_de_arc_05	de	chapter	multi	['fearful', 'trembling voice', 'sigh', 'soft']	de	1.0	True	0.0	0	171	False	Der Himmel über der Bucht hatte sich schon am Nachmittag verfärbt, doch keiner von uns wollte es so recht zugeben. Wir warfen die Netze aus wie an jedem anderen Tag, während der Wind langsam auffrischte. [fearful] Als die erste große Welle über die Reling schlug, wussten wir, dass wir viel zu lange gewartet hatten. Das kleine Boot ächzte unter jedem Stoß, und das Wasser stand uns bald bis zu den Knöcheln. Mein Vater brüllte seine Befehle gegen den Sturm, doch seine Stimme ging im Heulen des Windes fast völlig unter. [trembling voice] Ich klammerte mich an das nasse Holz und betete, dass die alten Planken noch eine einzige Stunde halten würden. Stunde um Stunde kämpften wir uns Meter für Meter zurück in Richtung Küste. Und dann, kurz vor Mitternacht, durchbrach das Licht des Leuchtturms endlich die Dunkelheit. [sigh] Als der Kiel zum ersten Mal über den Sand schrammte, brach die ganze Anspannung mit einem Schlag aus mir heraus. [soft] Wir lagen erschöpft am Strand, lebendig, und mein Vater legte mir wortlos den Arm um die Schulter.	Der Himmel über der Bucht hatte sich schon am Nachmittag verfärbt, doch keiner von uns wollte es so recht zugeben. Wir warfen die Netze aus wie an jedem anderen Tag, während der Wind langsam auffrischte. Als die erste große Welle über die Reling schlug, wussten wir, dass wir viel zu lange gewartet hatten. Das kleine Boot ächzte unter jedem Stoß, und das Wasser stand uns bald bis zu den Knöcheln. Mein Vater brüllte seine Befehle gegen den Sturm, doch seine Stimme ging im Heulen des Windes fast völlig unter. Ich klammerte mich an das nasse Holz und betete, dass die alten Planken noch eine einzige Stunde halten würden. Stunde um Stunde kämpften wir uns Meter für Meter zurück in Richtung Küste, und dann, kurz vor Mitternacht, durchbrach das Licht des Leuchtturms endlich die Dunkelheit. Als der Kiel zum ersten Mal über den Sand schrammte, brach die ganze Anspannung mit einem Schlag aus mir heraus. Wir lagen erschöpft am Strand, lebendig, und mein Vater legte mir wortlos den Arm um die Schulter.
small_de_neutral_neutral_02	de	small	neutral	[]	de	0.9970703125	True	0.0	0	9	False	Der Bus kommt in zehn Minuten an der Ecke.	Der Bus kommt in zehn Minuten an der Ecke.
chapter_de_arc_02	de	chapter	per_sentence	['sad', 'soft', 'trembling voice', 'angry', 'sigh', 'whispers']	de	0.99951171875	True	0.0	0	152	False	[sad] Das Haus ist still geworden, seit du nicht mehr da bist. [soft] Morgens decke ich aus reiner Gewohnheit noch immer zwei Tassen auf den Tisch. [trembling voice] Manchmal glaube ich, deine Schritte im Flur zu hören, und für einen Moment vergesse ich alles. [angry] Es macht mich wütend, dass niemand mich gewarnt hat, dass es so schnell gehen würde. [sad] Ich habe so vieles aufgeschoben, so viele Gespräche, die wir nie geführt haben. [sigh] Gestern habe ich endlich deinen alten Mantel aus dem Schrank genommen und ihn ans Fenster gehängt. [soft] Er riecht noch immer nach dir, nach Tabak und nach diesem alten Parfüm. [whispers] Und auf einmal war es gar nicht mehr traurig, sondern fast schon tröstlich. [sad] Ich weiß, dass die Tage nicht leichter werden, jedenfalls nicht so bald. [soft] Aber heute habe ich zum ersten Mal seit Wochen wieder im Garten gesessen und der Amsel zugehört. [sigh] Vielleicht ist das der Anfang, ganz langsam, Schritt für Schritt zurück ins Leben.	Das Haus ist still geworden, seit du nicht mehr da bist. Morgens decke ich aus reiner Gewohnheit noch immer zwei Tassen auf den Tisch. Manchmal glaube ich, deine Schritte im Flur zu hören, und für einen Moment vergesse ich alles. Es macht mich wütend, dass niemand mich gewarnt hat, dass es so schnell gehen würde. Ich habe so vieles aufgeschoben, so viele Gespräche, die wir nie geführt haben. Gestern habe ich endlich deinen alten Mantel aus dem Schrank genommen und ihn ans Fenster gehängt. Er riecht noch immer nach dir, nach Tabak und nach diesem alten Parfüm. Und auf einmal war es gar nicht mehr traurig, sondern fast schon tröstlich. Ich weiß, dass die Tage nicht leichter werden, jedenfalls nicht so bald. Aber heute habe ich zum ersten Mal seit Wochen wieder im Garten gesessen, und der Amsel zugehört. Vielleicht ist das der Anfang. Ganz langsam, Schritt für Schritt zurück ins Leben.
reply_de_special_laugh_01	de	reply	special	['laugh']	de	0.99853515625	True	0.0	0	20	False	Er stand auf der Bühne, vergaß komplett seinen Text und sagte dann einfach [laugh] guten Abend. Das Publikum war trotzdem begeistert.	Er stand auf der Bühne, vergaß komplett seinen Text und sagte dann einfach Guten Abend. Das Publikum war trotzdem begeistert.
small_de_trailing_whispers_01	de	small	trailing	['whispers']	de	0.99462890625	True	0.0	0	6	False	Schlaf jetzt, es ist alles gut [whispers].	Schlaf jetzt, es ist alles gut.
small_de_wrap_whispering_01_s2	de	small	wrap	['whispering']	en	0.921875	False	0.0	0	5	False	Das war sein allerletztes [whispering] Wort.	Das war sein allerletztes Wort.
small_de_combined_hurrytone_01_s2	de	small	combined	['in a hurry tone', 'panting']	de	0.99951171875	True	0.14285714285714285	1	7	False	[in a hurry tone] [panting] Ich hab den Bus gerade noch erwischt.	Ich habe den Bus gerade noch erwischt.
reply_de_leading_happy_01	de	reply	leading	['happy']	de	1.0	True	0.06666666666666667	1	15	False	[happy] Ich hab die Prüfung bestanden! Mit einer Eins sogar. Ich kann es selbst kaum glauben.	Ich habe die Prüfung bestanden, mit einer Eins sogar, ich kann es selbst kaum glauben.
reply_de_mid_excited_01	de	reply	mid	['excited']	de	0.99951171875	True	0.0	0	20	False	Wir sind gerade angekommen und [excited] du glaubst nicht, wie schön es hier ist. Das Meer liegt direkt vor der Haustür.	Wir sind gerade angekommen und du glaubst nicht, wie schön es hier ist. Das Meer liegt direkt vor der Haustür.
small_de_multi_happy_01_s2	de	small	multi	['happy', 'surprised', 'laughing']	de	0.99755859375	True	0.09090909090909091	1	11	False	[happy] Ich hab den Job! [surprised] Moment, du auch? [laughing] Das ist ja unglaublich!	Ich habe den Job. Moment, du auch? Das ist ja unglaublich.
small_de_neutral_neutral_03	de	small	neutral	[]	de	0.99951171875	True	0.0	0	9	False	Häng bitte die Wäsche raus, es soll später regnen.	Häng bitte die Wäsche raus, es soll später regnen.
reply_de_per_sentence_happy_01_s2	de	reply	per_sentence	['happy', 'excited', 'laughing']	de	0.9990234375	True	0.0	0	25	False	[happy] Wir haben es endlich geschafft. [excited] Nächste Woche ziehen wir in die neue Wohnung ein. [laughing] Ich kann nachts schon gar nicht mehr schlafen vor lauter Vorfreude.	Wir haben es endlich geschafft. Nächste Woche ziehen wir in die neue Wohnung ein. Ich kann nachts schon gar nicht mehr schlafen vor lauter Vorfreude.
small_de_special_laughing_01_s2	de	small	special	['laughing']	de	0.99951171875	True	0.0	0	8	False	Und dann [laughing] fiel ihm der ganze Teller runter.	Und dann fiel ihm der ganze Teller runter.
reply_de_trailing_sigh_01	de	reply	trailing	['sigh']	de	0.9990234375	True	0.0	0	15	False	Es war ein wirklich langer Tag, und ehrlich gesagt bin ich jetzt völlig am Ende [sigh].	Es war ein wirklich langer Tag und ehrlich gesagt bin ich jetzt völlig am Ende.
small_de_wrap_shouting_01_s2	de	small	wrap	['shouting']	de	0.9921875	True	0.0	0	6	False	Sie rief nur ein einziges [shouting] Halt!	Sie rief nur ein einziges HALT.
reply_de_combined_whispering_01_s2	de	reply	combined	['whispering', 'fearful']	de	0.99951171875	True	0.0	0	13	False	[whispering] [fearful] Ich glaube, da unten ist jemand. Hörst du die leisen Schritte im Keller?	Ich glaube, da unten ist jemand. Hörst du die leisen Schritte im Keller?
small_de_leading_happy_01_s2	de	small	leading	['happy']	de	0.998046875	True	0.16666666666666666	1	6	False	[happy] Endlich Wochenende, ich freu mich riesig!	Endlich Wochenende. Ich freue mich riesig.
small_de_mid_sighing_01_s2	de	small	mid	['sighing']	de	0.99658203125	True	0.1	1	10	False	Ich hab den ganzen Tag gewartet [sighing] und nichts ist passiert.	Ich habe den ganzen Tag gewartet und nichts ist passiert.
small_de_multi_excited_01_s2	de	small	multi	['excited', 'in a hurry tone']	de	0.9970703125	True	0.25	2	8	False	[excited] Pack die Koffer! [in a hurry tone] Der Zug fährt gleich ab!	Kack dein Koffer. Der Zug fährt gleich ab.
reply_de_neutral_neutral_01	de	reply	neutral	[]	de	0.98974609375	True	0.125	2	16	False	Klar, ich hol dich um acht ab. Schreib mir einfach kurz, falls sich noch was ändert.	Klar, ich hole dich um 8 ab. Schreib mir einfach kurz, falls sich noch was ändert.
reply_de_per_sentence_surprised_01_s2	de	reply	per_sentence	['surprised', 'happy', 'chuckling']	de	1.0	True	0.07407407407407407	2	27	False	[surprised] Du bist ja tatsächlich gekommen. [happy] Ich hab so sehr gehofft, dass du es schaffst. [chuckling] Und jetzt steh ich hier und weiß gar nicht, was ich sagen soll.	Du bist ja tatsächlich gekommen. Ich habe so sehr gehofft, dass du es schaffst. Und jetzt stehe ich hier und weiß gar nicht, was ich sagen soll.
small_de_special_sighing_01_s2	de	small	special	['sighing']	de	0.99560546875	True	0.25	2	8	False	Na ja [sighing] man kann eben nicht alles haben.	Naja, man kann eben nicht alles haben.
small_de_trailing_sobbing_01_s2	de	small	trailing	['sobbing']	de	0.9990234375	True	0.0	0	6	False	Sie ist heute Morgen einfach gegangen [sobbing].	Sie ist heute Morgen einfach gegangen.
reply_de_wrap_one_word_20	de	reply	wrap	['whispers']	de	0.998046875	True	0.03125	1	32	False	Im ganzen Saal wurde es still, als der Kurator das Tuch anhob, und jemand hinter mir sagte [whispers] außergewöhnlich, und das war für gut zehn Sekunden das einzige Wort, das jemand zustande brachte.	Im ganzen Saal wurde es still, als der Kurator das Tuch anhob und jemand hinter mir sagte, außergewöhnlich, und es war für gut zehn Sekunden das einzige Wort, das jemand zustande brachte.
reply_de_combined_softsad_20	de	reply	combined	['soft', 'sad']	de	1.0	True	0.0	0	34	False	[soft] [sad] Ich habe seine Handschrift am Rand des Kochbuchs gefunden, nur eine Notiz, man solle weniger Salz nehmen. So eine gewöhnliche Sache, die einer hinterlässt, und ich konnte das Buch eine Stunde lang nicht weglegen.	Ich habe seine Handschrift am Rand des Kochbuchs gefunden, nur eine Notiz, man solle weniger Salz nehmen. So eine gewöhnliche Sache, die einer hinterlässt, und ich konnte das Buch eine Stunde lang nicht weglegen.
small_de_leading_angry_01_s2	de	small	leading	['angry']	de	0.99609375	True	0.0	0	6	False	[angry] Das geht jetzt wirklich zu weit.	Das geht jetzt wirklich zu weit.
small_de_mid_laughing_01_s2	de	small	mid	['laughing']	de	0.9951171875	True	0.0	0	6	False	Er ist mitten im Satz [laughing] eingeschlafen.	Er ist mitten im Satz eingeschlafen.
reply_de_multi_excited_01_s2	de	reply	multi	['excited', 'surprised', 'laughing']	de	0.99951171875	True	0.07692307692307693	1	13	False	[excited] Wir haben gewonnen! [surprised] Hast du das gerade gesehen? [laughing] Ich glaub es einfach nicht!	Wir haben gewonnen. Hast du das gerade gesehen? Ich glaube es einfach nicht.
reply_de_neutral_neutral_02	de	reply	neutral	[]	de	0.9990234375	True	0.058823529411764705	1	17	False	Das Paket ist heute gekommen. Ich hab es beim Nachbarn abgegeben, weil du ja nicht da warst.	Das Paket ist heute gekommen. Ich hab's beim Nachbarn abgegeben, weil du ja nicht da warst.
chapter_de_arc_01_s2	de	chapter	per_sentence	['happy', 'excited', 'sighing', 'fearful', 'whispering', 'chuckling', 'sobbing', 'laughing']	de	0.99853515625	True	0.006024096385542169	1	166	False	[happy] Heute ist der Tag, von dem ich seit Monaten geträumt habe. [excited] Schon seit dem Morgengrauen stehe ich am Fenster und schaue zu, wie die Sonne langsam über die Dächer steigt. [sighing] Und trotzdem zittern mir die Hände, während ich versuche, die Krawatte zu binden. [fearful] Was, wenn ich im falschen Moment die Worte vergesse, wenn meine Stimme mich vor allen Gästen im Stich lässt? [whispering] Meine Mutter legt mir die Hand auf die Schulter und sagt, ich solle einfach nur atmen. [chuckling] Dabei kennt sie mich gut genug, um zu wissen, dass ich genau das noch nie gekonnt habe. [happy] Dann höre ich die Musik im Garten, die ersten Gäste lachen, und plötzlich ist alle Angst wie weggeblasen. [sobbing] Als ich sie am Ende des Weges stehen sehe, in diesem weißen Kleid, kann ich die Tränen nicht mehr zurückhalten. [laughing] Und sie, mein Gott, sie strahlt über das ganze Gesicht und formt mit den Lippen ein lautloses Endlich. [happy] Heute beginnt unser gemeinsames Leben, und ich bin bereit für jeden einzelnen Tag, der kommt.	Heute ist der Tag, von dem ich seit Monaten geträumt habe. Schon seit dem Morgengrauen stehe ich am Fenster und schaue zu, wie die Sonne langsam über die Dächer steigt. Und trotzdem zittern mir die Hände, während ich versuche, die Krawatte zu binden. Was, wenn ich im falschen Moment die Worte vergesse, wenn meine Stimme mich vor allen Gästen im Stich lässt? Meine Mutter legt mir die Hand auf die Schulter und sagt, ich solle einfach nur atmen. Dabei kennt sie mich gut genug, um zu wissen, dass ich genau das noch nie gekonnt habe. Dann höre ich die Musik im Garten, die ersten Gäste lachen und plötzlich ist alle Angst wie weggeblasen. Als ich sie am Ende des Weges stehen sehe, in diesem weißen Kleid, kann ich die Tränen nicht mehr zurückhalten. Und sie, mein Gott, sie strahlt über das ganze Gesicht und formt mit den Lippen ein lautloses Endlich. Heute beginnt unser gemeinsames Leben und ich bin bereit für jeden Einzelnen. Einen Tag, der kommt.
reply_de_special_laugh_20	de	reply	special	['laugh']	de	0.998046875	True	0.0	0	37	False	Er steht also auf für diesen sehr feierlichen Toast, klopft ans Glas, räuspert sich, und der ganze Boden des Glases fällt auf den Tisch [laugh] und er hält die Rede einfach weiter, mit dem Stiel in der Hand.	Er steht also auf für diesen sehr feierlichen Toast, klopft ans Glas, räuspert sich und der ganze Boden des Glases fällt auf den Tisch und er hält die Rede einfach weiter mit dem Stiel in der Hand.
small_de_trailing_excited_01_s2	de	small	trailing	['excited']	de	0.998046875	True	0.0	0	6	False	Morgen fahren wir endlich ans Meer [excited]!	Morgen fahren wir endlich ans Meer.
reply_de_wrap_name_20	de	reply	wrap	['soft']	de	0.99951171875	True	0.038461538461538464	1	26	False	Sie haben die Namen langsam vorgelesen, einen nach dem anderen, und als sie bei [soft] Margarethe ankamen, senkte der Mann in der ersten Reihe endlich den Kopf.	Sie haben die Namen langsam vorgelesen, einen nach dem anderen, und als sie bei Margarita ankamen, senkte der Mann in der ersten Reihe endlich den Kopf.
reply_de_combined_fastexcited_20	de	reply	combined	['fast', 'excited']	de	0.97509765625	True	0.058823529411764705	2	34	False	[fast] [excited] Also, das Taxi steht unten, die Pässe sind in der blauen Tasche, ich habe uns schon eingecheckt, und wenn wir in den nächsten vier Minuten losfahren, schaffen wir den frühen Zug statt des späten.	Und so, das Taxi steht unten, die Pässe sind in der blauen Tasche, ich habe uns schon eingecheckt und wenn wir in den nächsten vier Minuten losfahren, schaffen wir den frühen Zug statt des späten.
small_de_leading_surprised_01_s2	de	small	leading	['surprised']	de	0.6650390625	True	0.6	3	5	False	[surprised] Du bist ja schon zurück!	Dir überstehe schon zurück.
reply_de_mid_whispering_01_s2	de	reply	mid	['whispering']	de	0.998046875	True	0.0	0	20	False	Ich wollte dir nur kurz Bescheid geben, [whispering] aber bitte erzähl es noch keinem weiter. Es ist nämlich noch nicht offiziell.	Ich wollte dir nur kurz Bescheid geben, aber bitte erzähl es noch keinem weiter. Es ist nämlich noch nicht offiziell.
chapter_de_arc_04_s2	de	chapter	multi	['fearful', 'sighing', 'excited', 'laughing']	de	0.99853515625	True	0.0	0	171	False	Ich saß im Wartezimmer und starrte auf meine Bewerbungsmappe, die ich zum hundertsten Mal durchblätterte. Die anderen Kandidaten wirkten alle so selbstsicher, so makellos in ihren dunklen Anzügen. [fearful] Mit jeder Minute, die verging, wuchs der Knoten in meinem Magen, und ich war kurz davor, einfach aufzustehen und zu gehen. Doch dann rief jemand meinen Namen, und es gab kein Zurück mehr. Die Fragen kamen schnell und hart, und zweimal verhaspelte ich mich so sehr, dass ich dachte, jetzt sei endgültig alles vorbei. [sighing] In der Pause vor der letzten Frage glaubte ich fest daran, dass ich es vermasselt hatte. Doch als ich von meinem eigenen Projekt erzählte, von den vielen Nächten, die ich daran gesessen hatte, veränderte sich etwas im Raum. Die Frau mir gegenüber lehnte sich vor und begann zu lächeln. [excited] Und als sie mir am Ende die Hand reichte und Willkommen im Team sagte, hätte ich vor Freude laut schreien können. [laughing] Auf dem ganzen Heimweg rief ich sofort meine Schwester an und konnte vor lauter Lachen kaum ein Wort sprechen.	Ich saß im Wartezimmer und starrte auf meine Bewerbungsmappe, die ich zum hundertsten Mal durchblätterte. Die anderen Kandidaten wirkten alle so selbstsicher, so makellos in ihren dunklen Anzügen. Mit jeder Minute, die verging, wuchs der Knoten in meinem Magen, und ich war kurz davor, einfach aufzustehen und zu gehen. Doch dann rief jemand meinen Namen, und es gab kein Zurück mehr. Die Fragen kamen schnell und hart, und zweimal verhaspelte ich mich so sehr, dass ich dachte, jetzt sei endgültig alles vorbei. In der Pause vor der letzten Frage glaubte ich fest daran, dass ich es vermasselt hatte. Doch als ich von meinem eigenen Projekt erzählte, von den vielen Nächten, die ich daran gesessen hatte, veränderte sich etwas im Raum. Die Frau mir gegenüber lehnte sich vor und begann zu lächeln, und als sie mir am Ende die Hand reichte und willkommen im Team sagte, hätte ich vor Freude laut schreien können. Auf dem ganzen Heimweg rief ich sofort meine Schwester an und konnte vor lauter Lachen kaum ein Wort sprechen.
chapter_de_arc_06	de	chapter	neutral	[]	de	1.0	True	0.05194805194805195	8	154	False	Der kleine Markt am Stadtrand öffnet jeden Samstag schon kurz nach sieben. Die Händler bauen ihre Stände in der Morgendämmerung auf, während die ersten Lieferwagen über das holprige Pflaster rumpeln. An der Ecke verkauft eine ältere Frau Honig und selbst gemachte Marmelade aus ihrem eigenen Garten. Daneben stapeln sich Kisten mit Äpfeln, Kürbissen und frischem Gemüse aus der Umgebung. Der Bäcker zwei Stände weiter hat schon am Vorabend mit dem Backen begonnen, und der Duft von warmem Brot zieht über den ganzen Platz. Gegen neun Uhr füllt sich der Markt mit Menschen, die in aller Ruhe von Stand zu Stand schlendern. Man grüßt sich, bleibt stehen, tauscht ein paar Worte über das Wetter und die Ernte aus. Kinder laufen zwischen den Tischen umher und bekommen hier ein Stück Apfel, dort eine Probe Käse. Wenn der Markt am Mittag wieder schließt, bleibt nur der Geruch von Kaffee und nassem Laub auf dem leeren Platz zurück.	Der kleine Markt am Stadtrand öffnet jeden Samstag schon kurz nach sieben. Die Händler bauen ihre Stände in der Morgendämmerung auf, während die ersten Lieferwagen über das holprige Pflaster rumpeln. An der Ecke verkauft eine ältere Frau Honig und selbstgemachte Marmelade aus ihrem eigenen Garten. Daneben stapeln sich Kisten mit Äpfeln, Kürbissen und frischem Gemüse aus der Umgebung. Der Bäcker zwei Stände weiter hat schon am Vorabend mit dem Backen begonnen und der Duft von warmem Brot zieht über den ganzen Platz. Gegen neun Uhr füllt sich der Markt mit Menschen, die in aller Ruhe von Stand zu Stand schlendern. Man grüßt sich, bleibt stehen, tauscht ein paar Worte über das Wetter und die Ernte aus. Kinder laufen zwischen den Tischen umher und bekommen hier ein Stück Apfel, dort eine Probe Käse. Wenn der Markt am Mittag wieder schließt, bleibt nur der Geruch von Kaffee. Die Kinder gehen mit Kaffee und nassem Laub auf den leeren Platz zurück.
chapter_de_arc_03_s2	de	chapter	per_sentence	['excited', 'happy', 'chuckling', 'in a hurry tone', 'surprised', 'fearful', 'laughing', 'sighing']	de	0.99951171875	True	0.018404907975460124	3	163	False	[excited] An jenem Sommer beschlossen wir, dass dies das Jahr unseres großen Abenteuers werden würde. [happy] Wir packten zwei alte Rucksäcke mit Broten, einer Taschenlampe und einer Landkarte, die mein Bruder selbst gezeichnet hatte. [chuckling] Natürlich stimmte auf dieser Karte so gut wie nichts, aber das merkten wir erst sehr viel später. [in a hurry tone] Im Morgengrauen schlichen wir aus dem Haus, bevor die Eltern aufwachten, und rannten den Feldweg hinunter. [surprised] Mitten im Wald stießen wir plötzlich auf eine alte, halb verfallene Hütte, von der uns niemand je erzählt hatte. [fearful] Eine ganze Weile trauten wir uns nicht hinein, denn jedes Knacken im Unterholz klang wie ein Ungeheuer. [laughing] Am Ende war es nur ein verschreckter Igel, der genauso erschrak wie wir. [happy] Wir verbrachten den ganzen Tag dort, bauten ein Lager und erfanden Geschichten über Schätze und Piraten. [sighing] Als die Sonne unterging, traten wir den langen Heimweg an, müde und voller Schrammen. [happy] Bis heute ist es der schönste Tag meiner Kindheit, und ich würde alles geben, ihn noch einmal zu erleben.	Ein Innensommer beschlossen wir, dass dies das Jahr unseres großen Abenteuers werden würde. Wir packten zwei alte Rucksäcke mit Broten, einer Taschenlampe und einer Landkarte, die mein Bruder selbst gezeichnet hatte. Natürlich stimmte auf dieser Karte so gut wie nichts, aber das merkten wir erst sehr viel später. Im Morgengrauen schlichen wir aus dem Haus, bevor die Eltern aufwachten, und rannten den Feldweg hinunter. Mitten im Wald stießen wir plötzlich auf eine alte, halb verfallene Hütte, von der uns niemand je erzählt hatte. Eine ganze Weile trauten wir uns nicht hinein, denn jedes Knacken im Unterholz klang wie ein Ungeheuer. Am Ende war es nur ein verschreckter Igel, der genauso erschrak wie wir. Wir verbrachten den ganzen Tag dort, bauten ein Lager und erfanden Geschichten über Schätze und Piraten. Als die Sonne unterging, traten wir den langen Heimweg an, müde und voller Schrammen. Bis heute ist es der schönste Tag meiner Kindheit, und ich würde alles geben, ihn noch einmal zu erleben.
reply_de_special_gasp_20	de	reply	special	['gasp']	de	0.9990234375	True	0.0	0	34	False	Sie bog um die letzte Kurve des Weges und rechnete mit noch mehr Wald, und dann öffnete sich das ganze Tal unter ihr [gasp] und der See fing das Licht bis hinüber zum letzten Grat.	Sie bog um die letzte Kurve des Weges und rechnete mit noch mehr Wald und dann öffnete sich das ganze Tal unter ihr und der See fing das Licht bis hinüber zum letzten Grat.
reply_de_trailing_sighing_01_s2	de	reply	trailing	['sighing']	de	0.99951171875	True	0.0	0	14	False	Mach dir keine Sorgen, ich kümmere mich um alles. Geh du jetzt einfach schlafen [sighing].	Mach dir keine Sorgen, ich kümmere mich um alles. Geh du jetzt einfach schlafen.
reply_de_wrap_number_20	de	reply	wrap	['surprised']	de	0.99951171875	True	0.027777777777777776	1	36	False	Ich habe den Mechaniker um eine grobe Schätzung gebeten und mich innerlich gewappnet, und er sah kurz auf den Motor und sagte [surprised] vierzig, was in keiner Richtung eine Zahl war, auf die ich vorbereitet gewesen wäre.	Ich habe den Mechaniker um eine grobe Schätzung gebeten und mich innerlich gewappnet, und er sah kurz auf den Motor und sagte »40«, was in keiner Richtung eine Zahl war, auf die ich vorbereitet gewesen wäre.
reply_de_combined_whisperfear_20	de	reply	combined	['whispers', 'fearful']	de	0.9970703125	True	0.0	0	20	False	[whispers] [fearful] Da ist jemand im Treppenhaus. Ich höre die Diele beim Wäscheschrank, die immer knarrt. Mach das Licht noch nicht an.	Da ist jemand im Treppenhaus. Ich höre die Diele beim Wäscheschrank, die immer knarrt. Mach das Licht noch nicht an.
reply_de_leading_sarcastic_01_s2	de	reply	leading	['sarcastic']	de	0.9970703125	True	0.0	0	14	False	[sarcastic] Ach, das hast du ganz allein hinbekommen? Wie unglaublich beeindruckend. Ich bin wirklich sprachlos.	Ach, das hast du ganz allein hinbekommen. Wie unglaublich beeindruckend. Ich bin wirklich sprachlos.
reply_de_mid_surprised_20	de	reply	mid	['surprised']	de	0.998046875	True	0.0	0	34	False	Ich habe den Brief geöffnet und mit der nächsten Absage gerechnet, und [surprised] es war eine Zusage mit vollem Stipendium. Ich musste mich auf die Treppe setzen und ihn zweimal lesen, bis es angekommen ist.	Ich habe den Brief geöffnet und mit der nächsten Absage gerechnet und es war eine Zusage mit vollem Stipendium. Ich musste mich auf die Treppe setzen und ihn zweimal lesen, bis es angekommen ist.
reply_de_multi_joy_grief_20	de	reply	multi	['excited', 'sad', 'soft']	de	0.998046875	True	0.7111111111111111	32	45	False	[excited] Der Befund war sauber, vollkommen sauber, ich habe im Flur tatsächlich laut gerufen. [sad] Dann fiel mir ein, dass Anna letztes Jahr in derselben Woche ihren Befund bekommen hat, und ihrer war es nicht. [soft] Also saß ich noch eine Weile im Auto, bevor ich losgefahren bin.	Der Befund war sauber, vollkommen sauber, ich habe im Flur tatsächlich laut gerufen.
reply_de_neutral_20	de	reply	neutral	[]	de	0.9990234375	True	0.034482758620689655	1	29	False	Die Bibliothek hat den Lesesaal über den Sommer in den zweiten Stock verlegt. Werktags ist bis zwanzig Uhr geöffnet, und die Mikrofilmgeräte wurden durch zwei Scanstationen am Fenster ersetzt.	Die Bibliothek hat den Lesesaal über den Sommer in den zweiten Stock verlegt. Werktags ist bis 20 Uhr geöffnet und die Mikrofilmgeräte wurden durch zwei Scanstationen am Fenster ersetzt.
reply_de_per_sentence_arc_20	de	reply	per_sentence	['soft', 'surprised', 'excited']	de	0.9951171875	True	0.022222222222222223	1	45	False	[soft] Der Umschlag lag seit März hinter der Uhr. [surprised] Darin war ein Foto, das ich nie gesehen hatte, meine Mutter mit ungefähr neunzehn, lachend über irgendetwas außerhalb des Bildes. [excited] Und auf der Rückseite, mit Bleistift, der Name der Straße, in der sie meinen Vater kennengelernt hat.	Der Umschlag lag seit März hinter der Uhr. Darin war ein Foto, das ich nie gesehen hatte, meine Mutter mit ungefähr 19, lachend über irgendetwas außerhalb des Bildes, und auf der Rückseite mit Bleistift der Name der Straße, in der sie meinen Vater kennengelernt hat.
reply_de_special_sigh_20	de	reply	special	['sigh']	de	0.99951171875	True	0.04	1	25	False	Ich habe das ganze Kapitel neu geschrieben, umgebaut, viertausend Wörter gestrichen [sigh] und die einzige Anmerkung meiner Lektorin war, dass der ursprüngliche Anfang besser gewesen sei.	Ich habe das ganze Kapitel neu geschrieben, umgebaut, 4000 Wörter gestrichen und die einzige Anmerkung meiner Lektorin war, dass der ursprüngliche Anfang besser gewesen sei.
reply_de_trailing_sigh_20	de	reply	trailing	['sigh']	de	0.9970703125	True	0.0	0	26	False	Der Zug fiel aus, der Ersatzbus kam nie, und als ich endlich im Büro ankam, war die Besprechung längst vorbei. Der ganze Vormittag also, einfach weg. [sigh]	Der Zug fiel aus, der Ersatzbus kam nie, und als ich endlich im Büro ankam, war die Besprechung längst vorbei, der ganze Vormittag also einfach weg.
reply_de_wrap_place_20	de	reply	wrap	['excited']	de	0.99951171875	True	0.0	0	33	False	Er hat bis zuletzt behauptet, das Ziel sei eine Überraschung, bis die Anzeigetafel umsprang und [excited] Lissabon zeigte, und ich habe mitten in der Halle ein Geräusch gemacht, auf das ich nicht stolz bin.	Er hat bis zuletzt behauptet, das Ziel sei eine Überraschung, bis die Anzeigetafel umsprang und Lissabon zeigte und ich habe mitten in der Halle ein Geräusch gemacht, auf das ich nicht stolz bin.
reply_de_combined_pitchhappy_20	de	reply	combined	['pitch up', 'super happy']	de	0.998046875	True	0.0	0	19	False	[pitch up] [super happy] Sie haben zugesagt! Kein Vielleicht, kein Wir-melden-uns, eine richtige, uneingeschränkte Zusage, und wir sollen im September anfangen!	Sie haben zugesagt, kein Vielleicht, kein Wir melden uns, eine richtige, uneingeschränkte Zusage und wir sollen im September anfangen.
reply_de_leading_excited_20	de	reply	leading	['excited']	de	0.9990234375	True	0.0	0	24	False	[excited] Die Zusage ist heute Morgen gekommen, per Post, in so einem dünnen Umschlag. Ich habe drei Wochen lang gedacht, dünn bedeutet Absage. Diesmal nicht.	Die Zusage ist heute Morgen gekommen, per Post, in so einem dünnen Umschlag. Ich habe drei Wochen lang gedacht, dünn bedeutet Absage. Diesmal nicht.
reply_de_mid_excited_20	de	reply	mid	['excited']	de	0.98876953125	True	0.03571428571428571	1	28	False	Wir waren mitten im zweiten Set, als der Ton komplett ausfiel, und dann [excited] hat das ganze Publikum den Refrain einfach selbst weitergesungen. Zweitausend Leute, ohne ein einziges Mikrofon.	Wir waren mitten im zweiten Set, als der Ton komplett ausfiel und dann hat das ganze Publikum den Refrain einfach selbst weitergesungen. 2000 Leute ohne ein einziges Mikrofon.
reply_de_multi_anger_calm_20	de	reply	multi	['angry', 'sigh', 'soft']	de	0.99951171875	True	0.0	0	36	False	[angry] Ich habe gesagt, dass der Termin nicht verschiebbar ist, ich habe es schriftlich festgehalten, ich habe es in der Sitzung gesagt. [sigh] Und natürlich wurde er trotzdem verschoben. [soft] Ehrlich gesagt erwarte ich inzwischen auch nichts anderes mehr.	Ich habe gesagt, dass der Termin nicht verschiebbar ist, ich habe es schriftlich festgehalten, ich habe es in der Sitzung gesagt. Und natürlich wurde er trotzdem verschoben. Ehrlich gesagt erwarte ich inzwischen auch nichts anderes mehr.
reply_de_neutral_21	de	reply	neutral	[]	de	1.0	True	0.0	0	32	False	Das Mehl in drei Portionen zugeben und unterheben, nicht rühren. Der Teig darf am Ende ruhig noch leicht ungleichmäßig aussehen. Wer ihn an dieser Stelle zu lange bearbeitet, bekommt einen festen Kuchen.	das mehl in drei portionen zugeben und unterheben nicht rühren der teig darf am ende ruhig noch leicht ungleichmäßig aussehen wer ihn an dieser stelle zu lange bearbeitet bekommt einen festen kuchen
reply_de_per_sentence_worry_20	de	reply	per_sentence	['fearful', 'trembling voice', 'soft']	de	1.0	True	0.0	0	39	False	[fearful] Der Anruf kam um zwanzig nach zwei in der Nacht. [trembling voice] Ich habe die Worte nicht richtig herausbekommen, ich habe nur immer wieder gefragt, in welches Krankenhaus. [soft] Als ich ankam, war er längst wach und beschwerte sich über den Tee.	Der Anruf kam um zwanzig nach zwei in der Nacht. Ich habe die Worte nicht richtig herausbekommen, ich habe nur immer wieder gefragt, in welches Krankenhaus. Als ich ankam, war er längst wach und beschwerte sich über den Tee.
reply_de_special_chuckle_20	de	reply	special	['chuckle']	de	0.99951171875	True	0.0	0	33	False	Mein Vater hat den ganzen Urlaub darauf bestanden, dass er keine Karte braucht, wir fahren absolut richtig [chuckle] und wir sind in einem völlig anderen Land gelandet als in dem, das wir gebucht hatten.	Mein Vater hat den ganzen Urlaub darauf bestanden, dass er keine Karte braucht. Wir fahren absolut richtig. Und wir sind in einem völlig anderen Land gelandet, als in dem, das wir gebucht hatten.
reply_de_trailing_laugh_20	de	reply	trailing	['laugh']	de	1.0	True	0.0	0	34	False	Ich habe vierzig Minuten lang die ganze Wohnung nach meiner Brille abgesucht, jedes Zimmer zweimal, sogar den Wäschekorb, und dann habe ich mich im Flurspiegel gesehen. Sie saß die ganze Zeit auf meinem Kopf. [laugh]	ich habe vierzig minuten lang die ganze wohnung nach meiner brille abgesucht jedes zimmer zweimal sogar den wäschekorb und dann habe ich mich im flurspiegel gesehen sie saß die ganze zeit auf meinem kopf
reply_de_combined_softwhisper_30	de	reply	combined	['soft', 'whisper in a small voice']	de	0.9970703125	True	0.0	0	27	False	[soft] [whisper in a small voice] Er hat gefragt, ob der Hund noch da ist, wenn er aufwacht, und ich musste in einer halben Sekunde entscheiden, welche Art von Antwort diese Frage verdient.	Er hat gefragt, ob der Hund noch da ist, wenn er aufwacht, und ich musste in einer halben Sekunde entscheiden, welche Art von Antwort diese Frage verdient.
reply_de_leading_sad_20	de	reply	leading	['sad']	de	1.0	True	0.0	0	39	False	[sad] Ich war noch einmal in der alten Wohnung, um den letzten Karton zu holen. Jemand hatte die Küche schon neu gestrichen. Es ist albern, aber in der Tür stehend habe ich gemerkt, dass ich mich nie richtig verabschiedet habe.	Ich war noch einmal in der alten Wohnung, um den letzten Karton zu holen. Jemand hatte die Küche schon neu gestrichen. Es ist albern, aber in der Tür stehend habe ich gemerkt, dass ich mich nie richtig verabschiedet habe.
reply_de_mid_sad_20	de	reply	mid	['sad']	de	0.99853515625	True	0.02631578947368421	1	38	False	Er hat den Laden den ganzen Winter über offen gehalten, und [sad] am letzten Tag hat er jede Fläche poliert, bevor er das Schild umgedreht hat. Einundvierzig Jahre, und es sollte ordentlich aussehen für den, der nach ihm kommt.	Er hat den Laden den ganzen Winter über offen gehalten, und am letzten Tag hat er jede Fläche poliert, bevor er das Schild umgedreht hat. 41 Jahre, und es sollte ordentlich aussehen für den, der nach ihm kommt.
reply_de_multi_fear_relief_20	de	reply	multi	['fearful', 'surprised', 'happy']	de	0.99951171875	True	0.0	0	41	False	[fearful] Ich konnte ihn im ganzen Park nicht finden, nicht bei den Schaukeln, nicht am Teich. [surprised] Dann tippte mir eine Frau auf die Schulter und zeigte zum Musikpavillon. [happy] Da oben stand er und dirigierte ein unsichtbares Orchester, vollkommen zufrieden und völlig ahnungslos.	Ich konnte ihn im ganzen Park nicht finden, nicht bei den Schaukeln, nicht am Teich. Dann tippte mir eine Frau auf die Schulter und zeigte zum Musikpavillon. Da oben stand er und dirigierte ein unsichtbares Orchester, vollkommen zufrieden und völlig ahnungslos.
reply_de_neutral_22	de	reply	neutral	[]	de	0.99951171875	True	0.027777777777777776	1	36	False	Der Bahnsteig in Richtung Norden ist bis Monatsende wegen Sanierung gesperrt. Die Züge fahren stattdessen von Gleis vier, und der Aufzug zur Fußgängerbrücke ist außer Betrieb. Der barrierefreie Zugang erfolgt über den Seiteneingang in der Mühlenstraße.	Der Bahnsteig in Richtung Norden ist bis Monatsende wegen Sanierung gesperrt. Die Züge fahren stattdessen von Gleis 4 und der Aufzug zur Fußgängerbrücke ist außer Betrieb. Der barrierefreie Zugang erfolgt über den Seiteneingang in der Mühlenstraße.
reply_de_per_sentence_humour_20	de	reply	per_sentence	['chuckle', 'sigh', 'laugh']	de	1.0	True	0.0	0	39	False	[chuckle] Dieses Jahr wollte ich die Möbel unbedingt selbst aufbauen, so schwer kann das ja nicht sein. [sigh] Vier Stunden später hatte ich einen Schrank mit den Türen nach innen. [laugh] Und zwei Schrauben übrig, über die ich bewusst nicht weiter nachdenke.	Dieses Jahr wollte ich die Möbel unbedingt selbst aufbauen. So schwer kann das ja nicht sein. Vier Stunden später hatte ich einen Schrank mit den Türen nach innen und zwei Schrauben übrig, über die ich bewusst nicht weiter nachdenke.
reply_de_special_breath_30	de	reply	special	['breathing heavily']	de	0.998046875	True	0.0	0	36	False	Ich bin den letzten Kilometer viel zu schnell gelaufen, weil ich die Uhr über dem Ziel sehen konnte, und ich kam mit neun Sekunden Vorsprung durch [breathing heavily] und konnte danach ungefähr eine Minute lang mit niemandem sprechen.	Ich bin den letzten Kilometer viel zu schnell gelaufen, weil ich die Uhr über dem Ziel sehen konnte und ich kam mit neun Sekunden Vorsprung durch und konnte danach ungefähr eine Minute lang mit niemandem sprechen.
reply_de_trailing_happy_20	de	reply	trailing	['happy']	de	0.9990234375	True	0.0	0	38	False	Sie hat sich das ganze Stück an einem Wochenende nach Gehör beigebracht und es beim Abendessen gespielt, ohne vorher ein Wort zu sagen. Ihr Großvater hat gar nichts gesagt, er saß nur da, die Hand vor dem Mund. [happy]	Sie hat sich das ganze Stück an einem Wochenende nach Gehör beigebracht und es beim Abendessen gespielt, ohne vorher ein Wort zu sagen. Ihr Großvater hat gar nichts gesagt, er saß nur da, die Hand vor dem Mund.
reply_de_leading_angry_20	de	reply	leading	['angry']	de	0.99853515625	True	0.0	0	31	False	[angry] Sie haben das ganze Projekt in einer zweizeiligen Mail gestrichen. Acht Monate Arbeit, vier Leute, und niemand hielt ein Gespräch für nötig. Mich stört nicht die Entscheidung, mich stört die Feigheit.	Sie haben das ganze Projekt in einer zweizeiligen Mail gestrichen. Acht Monate Arbeit, vier Leute und niemand hielt ein Gespräch für nötig. Mich stört nicht die Entscheidung, mich stört die Feigheit.
reply_de_mid_angry_20	de	reply	mid	['angry']	de	1.0	True	0.0	0	33	False	Ich habe am Montag nach dem Bericht gefragt, am Mittwoch noch einmal, und [angry] heute Morgen erfahre ich, dass er die ganze Zeit fertig war und in irgendeinem Entwurfsordner lag. Das ist kein Terminproblem.	Ich habe am Montag nach dem Bericht gefragt, am Mittwoch noch einmal, und heute Morgen erfahre ich, dass er die ganze Zeit fertig war und in irgendeinem Entwurfsordner lag. Das ist kein Terminproblem.
reply_de_multi_disbelief_20	de	reply	multi	['surprised', 'laugh', 'happy']	de	0.9990234375	True	0.0	0	36	False	[surprised] Sie haben meinen Namen aufgerufen und ich dachte ernsthaft, das sei ein Versehen. [laugh] Ich habe mich tatsächlich umgedreht, ob hinter mir noch ein Thomas steht. [happy] Da stand keiner. Es war mein Name, auch auf der Urkunde.	Sie haben meinen Namen aufgerufen und ich dachte ernsthaft, das sei ein Versehen. Ich habe mich tatsächlich umgedreht, ob hinter mir noch ein Thomas steht. Da stand keiner. Es war mein Name, auch auf der Urkunde.
chapter_de_arc_20	de	chapter	per_sentence	['soft', 'fearful', 'trembling voice', 'surprised', 'happy']	de	1.0	True	0.013100436681222707	3	229	False	[soft] Der Leuchtturm war seit elf Jahren automatisiert, aber im Wärterhaus stand noch die alte Einrichtung, und jedes Frühjahr kam jemand von der Stiftung heraus, um das Dach zu prüfen und die Räume zu lüften. [soft] In jenem Jahr war es Ruth, weil niemand sonst die Bootsfahrt machen wollte, und sie landete an einem flachen grauen Morgen, als sich die See kaum bewegte. [fearful] Am zweiten Nachmittag fand sie das Logbuch, eingeklemmt hinter einer aufgequollenen Schublade, und der letzte Eintrag war auf drei Wochen nach dem Tag datiert, an dem der Turm längst leer gewesen sein sollte. [trembling voice] Die Handschrift war oben auf der Seite noch ruhig und unten deutlich weniger ruhig, und sie beschrieb ein Unwetter, das es laut den Aufzeichnungen vom Festland nie gegeben hatte. [fearful] Sie las den Eintrag zweimal, legte das Buch weg und wurde sich sehr genau bewusst, wie weit das Boot entfernt war und dass das einzige andere Geräusch die Möwen waren. [surprised] Dann blätterte sie um und fand eine zweite Handschrift, sauber und ohne Eile, die erklärte, der erste Schreiber sei ihr Großvater gewesen, der Sturm habe stattgefunden, und das Festland habe schlicht die Unterlagen verloren. [happy] Ruth saß mit dem aufgeschlagenen Buch auf der Türschwelle, bis das Licht ging, und las einen Mann, den sie nie getroffen hatte, über ein Meer schreiben, das sie an diesem Morgen überquert hatte. Das Dach, entschied sie, konnte noch einen Tag warten.	Der Leuchtturm war seit elf Jahren automatisiert, aber im Wärtehaus stand noch die alte Einrichtung. Und jedes Frühjahr kam jemand von der Stiftung heraus, um das Dach zu prüfen und die Räume zu lüften. In jenem Jahr war es Ruht, weil niemand sonst die Bootsfahrt machen wollte. Und sie landete an einem flachen grauen Morgen, als sich die See kaum bewegte. Am zweiten Nachmittag fand sie das Logbuch eingeklemmt hinter einer aufgequollenen Schublade. Und der letzte Eintrag war auf drei Wochen nach dem Tag datiert, an dem der Turm längst leer gewesen sein sollte. Die Handschrift war oben auf der Seite noch ruhig und unten deutlich weniger ruhig. Und sie beschrieb ein Unwetter, das es laut den Aufzeichnungen vom Festland nie gegeben hatte. Sie las den Eintrag zweimal, legte das Buch weg und wurde sich sehr genau bewusst, wie weit das Boot entfernt war und dass das einzige andere Geräusch die Möwen waren. Dann blätterte sie um und fand eine zweite Handschrift, sauber und ohne Eile, die erklärte, der erste Schreiber sei ihr Großvater gewesen. Der Sturm habe stattgefunden und das Festland habe schlicht die Unterlagen verloren. Ruht saß mit dem aufgeschlagenen Buch auf der Türschwelle, bis das Licht ging und las einen Mann, den sie nie getroffen hatte, über ein Meer schreiben, das sie an diesem Morgen überquert hatte. Das Dach entschied sie, konnte noch einen Tag warten.
reply_de_trailing_trembling_20	de	reply	trailing	['trembling voice']	de	0.9990234375	True	0.0	0	31	False	Ich hatte die ganze Rede aufgeschrieben, ich hatte sie im Auto geübt, und dann stand ich auf, sah sie alle an, wie sie mich ansahen, und jedes einzelne Wort war weg. [trembling voice]	Ich hatte die ganze Rede aufgeschrieben, ich hatte sie im Auto geübt, und dann stand ich auf, sah sie alle an, wie sie mich ansahen, und jedes einzelne Wort war weg.
reply_de_leading_soft_20	de	reply	leading	['soft']	de	0.99951171875	True	0.0	0	30	False	[soft] Sie ist nach zehn Minuten Film eingeschlafen, die Fernbedienung noch in der Hand. Ich wollte sie nicht wecken, also habe ich leiser gestellt und den Rest allein zu Ende geschaut.	Sie ist nach zehn Minuten Film eingeschlafen, die Fernbedienung noch in der Hand. Ich wollte sie nicht wecken, also habe ich leiser gestellt und den Rest allein zu Ende geschaut.
reply_de_mid_gasp_20	de	reply	mid	['gasp']	de	0.99951171875	True	0.034482758620689655	1	29	False	Er griff ganz unten in den Werkzeugkasten nach einem Schraubenschlüssel und [gasp] zog die Uhr seines Großvaters heraus, die die Familie seit dem Umzug vor dreißig Jahren für verloren hielt.	Er griff ganz unten in den Werkzeugkasten nach einem Schraubenschlüssel und zog die Uhr seines Großvaters heraus, die die Familie seit dem Umzug vor 30 Jahren für verloren hielt.
reply_de_multi_tense_hopeful_30	de	reply	multi	['trembling voice', 'soft', 'excited']	de	0.99853515625	True	0.025	1	40	False	[trembling voice] Der Motor sprang nicht an, und wir waren vierzig Kilometer von der nächsten Ortschaft entfernt. [soft] Ich habe mich auf die Stoßstange gesetzt und versucht, ruhig nachzudenken. [excited] Und dann kam ein Landwirt um die Kurve, mit einem Starthilfekabel auf dem Beifahrersitz.	Der Motor sprang nicht an und wir waren 40 Kilometer von der nächsten Ortschaft entfernt. Ich habe mich auf die Stoßstange gesetzt und versucht, ruhig nachzudenken. Und dann kam ein Landwirt um die Kurve mit einem Starthilfekabel auf dem Beifahrersitz.
chapter_de_arc_21	de	chapter	per_sentence	['excited', 'angry', 'sad', 'soft', 'happy']	de	0.99951171875	True	0.026785714285714284	6	224	False	[excited] Die Bäckerei öffnete an einem Dienstag ohne Schild über der Tür, weil das Schild sich verspätet hatte, und um neun Uhr morgens stand die Schlange trotzdem bis zur Ecke. [excited] Es hatte sich vierzehn Tage lang in der Siedlung herumgesprochen, und die Hälfte der Leute in dieser Schlange hatte Dembe jeden Abend nach seiner Schicht durch das Fenster schrubben sehen. [angry] Um elf kam der Prüfer vom Amt und teilte ihm mit, die Abluftanlage sei nicht abgenommen, die Unterlagen, die man ihm im März zugesagt hatte, seien nie eingereicht worden, und er müsse schließen. [angry] Dembe wies ruhig darauf hin, dass er sechsmal im Amt angerufen hatte, dass er einen Ordner mit datierten Schreiben besaß, und dass die Schlange draußen währenddessen weiterwuchs. [sad] Es half nichts. Er stellte den Ofen um zwölf ab, ging auf den Gehweg hinaus und erklärte ungefähr sechzig Menschen, dass es doch kein Brot geben würde. [soft] Eine ältere Frau vorne sagte, sie komme dann eben am Donnerstag wieder, und der Mann hinter ihr sagte dasselbe, und so ging es die Reihe entlang, bis die Straße still war. [soft] Den Nachmittag verbrachte er zwischen den auskühlenden Blechen, den Ordner vor sich, und schrieb ein siebtes Schreiben, sorgfältiger als die ersten sechs. [happy] Die Abnahme kam am Freitag der folgenden Woche, und als er am Samstagmorgen die Tür öffnete, stand die Schlange schon da, und sie war länger.	Die Bäckerei öffnete an einem Dienstag ohne Schild über der Tür, weil das Schild sich verspätet hatte, und um neun Uhr morgens stand die Schlange trotzdem bis zur Ecke. Es hatte sich vierzehn Tage lang in der Siedlung herumgesprochen, und die Hälfte der Leute in dieser Schlange hatte Dembe jeden Abend nach seiner Schicht durch das Fenster schoben sehen. Um elf kam der Prüfer vom Amt und teilte ihm mit, die Abluftanlage sei nicht abgenommen, die Unterlagen, die man ihm im März zugesagt hatte, seien nie eingereicht worden, und er müsse schließen. Dembe wies ruhig darauf hin, dass er sechsmal im Amt angerufen hatte, dass er einen Ordner mit datierten Schreiben besaß, und dass die Schlange draußen währenddessen weiter wuchs. Es half nichts. Er stellte den Ofen um zwölf ab. Er ging auf den Gehweg hinaus und erklärte ungefähr sechzig Menschen, dass es doch kein Brot geben würde. Eine ältere Frau vorne sagte, sie komme dann eben am Donnerstag wieder, und der Mann hinter ihr sagte dasselbe, und so ging es die Reihe entlang, bis die Straße still war. Den Nachmittag verbrachte er zwischen den auskühlenden Blechen den Ordner vor sich und schrieb ein siebtes Schreiben. Sorgfältiger als die Zeit. Die ersten sechs. Die Abnahme kam am Freitag der folgenden Woche, und als er am Samstagmorgen die Tür öffnete, stand die Schlange schon da, und sie war länger.
reply_de_trailing_soft_20	de	reply	trailing	['soft']	de	0.99951171875	True	0.0	0	26	False	Wir sind die Hafenstraße zurückgelaufen, die Boote schlugen leise gegen die Stege, und keiner von uns hat lange etwas gesagt. Es musste auch nicht gesagt werden. [soft]	Wir sind die Hafenstraße zurückgelaufen, die Boote schlugen leise gegen die Stege, und keiner von uns hat lange etwas gesagt. Es musste auch nicht gesagt werden.
reply_de_leading_fearful_20	de	reply	leading	['fearful']	de	1.0	True	0.0	0	34	False	[fearful] In der ganzen Straße ging auf einmal das Licht aus. Kein Summen vom Kühlschrank, keine Laternen, gar nichts. Und dann hörte ich das Gartentor aufgehen, und mir fiel ein, dass ich es abgeschlossen hatte.	in der ganzen straße ging auf einmal das licht aus kein summen vom kühlschrank keine laternen gar nichts und dann hörte ich das gartentor aufgehen und mir fiel ein daß ich es abgeschlossen hatte
reply_de_mid_soft_20	de	reply	mid	['soft']	de	0.9912109375	True	0.0	0	29	False	Die Hebamme hat uns gezeigt, wie man ihn hält, eine Hand unter den Kopf, und [soft] dann haben alle den Raum verlassen und wir waren zum ersten Mal zu dritt.	Die Hebamme hat uns gezeigt, wie man ihn hält, eine Hand unter den Kopf. Und dann haben alle den Raum verlassen und wir waren zum ersten Mal zu dritt.
chapter_de_arc_22	de	chapter	per_sentence	['soft', 'sad', 'angry', 'trembling voice', 'happy']	de	0.99951171875	True	0.15458937198067632	32	207	False	[soft] Meine Großmutter hat jeden Brief aufgehoben, den mein Großvater ihr von See geschickt hat, der Reihe nach, in einer Keksdose, die für den Rest ihres Lebens schwach nach Ingwer roch. [soft] Sie las sie abwechselnd, ein paar in jedem Winter, und sie hat nie einen davon jemandem vorgelesen. [sad] Als sie starb, ging die Dose an meine Tante, und meine Tante stellte sie mit den Möbeln in ein Lager in Croydon, und dann wurde das Lager geräumt. [angry] Niemand hat uns Bescheid gesagt. Die Firma schickte die Mitteilung an eine Adresse, die meine Tante vier Jahre zuvor verlassen hatte, wartete die gesetzliche Frist ab und entsorgte den Inhalt vollkommen rechtmäßig. [angry] Ich habe eine Woche lang telefoniert und mir höflich und wiederholt sagen lassen, dass alles korrekt abgelaufen sei, was stimmte und überhaupt nicht half. [trembling voice] Womit ich nicht zurechtkam, war, dass diese Briefe zwei Kriege, neun Umzüge und ein Hochwasser überstanden hatten und an einem ungeöffneten Umschlag gescheitert sind. [soft] Und dann fand meine Cousine im März vier davon in einem Gesangbuch, das an eine andere Verwandte gegangen war, ungelesen, flach hinter dem Rückendeckel. [happy] Vier von sicher zweihundert. Wir haben noch am selben Nachmittag jede Seite fotografiert, alles doppelt gesichert und jedem in der Familie einen Ausdruck geschickt, der ihn haben wollte.	Meine Großmutter hat jeden Brief aufgehoben, den mein Großvater ihr von See geschickt hat, der Reihe nach in einer Keksdose, die für den Rest ihres Lebens schwach nach Ingwer roch. Sie las sie abwechselnd, ein paar in jedem Winter, und sie hat nie einen davon jemandem vorgelesen. Als sie starb, ging die Dose an meine Tante, und meine Tante stellte sie mit den Möbeln in ein Lager in Crodden, und dann wurde das Lager geräumt. Niemand hat uns Bescheid gesagt. Die Firma schickte die Mitteilung an eine Adresse, die meine Tante vier Jahre zuvor verlassen hatte, wartete die gesetzliche Frist ab und entsorgte den Inhalt vollkommen rechtmäßig. Ich habe eine Woche lang telefoniert und mir höflich und wiederholt sagen lassen, dass alles, was ich in meinem Leben gemacht habe, nicht mehr in Ordnung ist. Ich habe eine Woche lang telefoniert und mir höflich und wiederholt sagen lassen, dass alles korrekt abgelaufen sei, was stimmte und überhaupt nicht half, womit ich nicht zurechtkam, war, dass diese Briefe zwei Kriege, neun Umzüge und ein Hochwasser überstanden hatten und an einem ungeöffneten Umschlag gescheitert sind. Und dann fand meine Cousine im März vier davon in einem Gesangbuch, das an eine andere Verwandte gegangen war, ungelesen, flach hinter dem Rückendeckel. Vier von sicher zweihundert. Wir haben noch am Sonntag. Wir haben am selben Nachmittag jede Seite fotografiert, alles doppelt gesichert und jedem in der Familie einen Ausdruck geschickt, der ihn haben wollte.
reply_de_trailing_surprised_30	de	reply	trailing	['surprised']	de	0.99951171875	True	0.0	0	30	False	Wir hatten das billigste Zimmer gebucht, ganz hinten, ohne Aussicht, ohne Balkon. Beim Einchecken haben sie uns kommentarlos hochgestuft, und ich habe es erst gemerkt, als ich die Vorhänge aufzog. [surprised]	Wir hatten das billigste Zimmer gebucht, ganz hinten, ohne Aussicht, ohne Balkon. Beim Einchecken haben sie uns kommentarlos hochgestuft und ich habe es erst gemerkt, als ich die Vorhänge aufzog.
reply_de_leading_whispers_20	de	reply	leading	['whispers']	de	1.0	True	0.0	0	32	False	[whispers] Beweg dich noch nicht. Da steht ein Reh am Waldrand, direkt hinter der umgestürzten Birke, und es hat uns noch nicht bemerkt. Wenn wir ganz still bleiben, kommt vielleicht das Kitz nach.	Beweg dich noch nicht. Da steht ein Reh am Waldrand, direkt hinter der umgestürzten Birke und es hat uns noch nicht bemerkt. Wenn wir ganz still bleiben, kommt vielleicht das Kitz nach.
reply_de_mid_chuckle_30	de	reply	mid	['chuckle']	de	0.99951171875	True	0.025	1	40	False	Er hat darauf bestanden, den Wasserhahn selbst repariert zu haben, hat mir sogar den Beleg für die Teile gezeigt, und [chuckle] in dem Moment, in dem ich ihn aufdrehte, blieb mir das ganze Ding in der Hand und traf die Decke.	Er hat darauf bestanden, den Wasserhahn selbst repariert zu haben, hat mir sogar den Beleg für die Teile gezeigt und in dem Moment, in dem ich ihn auftrete, blieb mir das ganze Ding in der Hand und traf die Decke.
chapter_de_arc_23	de	chapter	per_sentence	['fearful', 'fast', 'surprised', 'soft', 'laugh']	de	0.99951171875	True	0.017241379310344827	3	174	False	[fearful] Der Feueralarm ging um vier Uhr morgens los, in einem Hotel, in dem keiner von uns die Landessprache sprach und die Beschilderung im Flur, freundlich gesagt, mehrdeutig war. [fast] Ich bekam die Tür auf, holte meinen Bruder aus dem zweiten Bett, griff die Pässe vom Schreibtisch, weil meine Hände offenbar entschieden hatten, dass das jetzt wichtig ist, und wir gingen elf Stockwerke barfuß hinunter. [fast] Das halbe Haus stand schon auf dem Parkplatz, in Bettdecken gewickelt, und niemand fand jemanden vom Personal, den man hätte fragen können. [surprised] Nach etwa zwanzig Minuten kam eine sehr ruhige Mitarbeiterin heraus und erklärte in sorgfältigem Englisch, ein Gast im vierten Stock habe unter einem Melder geraucht, und es habe zu keinem Zeitpunkt gebrannt. [soft] Es entstand eine lange Pause, in der vierhundert Menschen das verarbeiteten. [soft] Dann fing irgendwo hinten jemand an zu lachen, und es lief in ungefähr zehn Sekunden über den ganzen Parkplatz. [laugh] Mein Bruder sah auf das, was er in der Hand hielt, nämlich die Fernbedienung, und konnte weder mir noch sich selbst erklären, warum er sie mitgenommen hatte.	Der Feueralarm ging um vier Uhr morgens los, in einem Hotel, in dem keiner von uns die Landessprache sprach und die Beschilderung im Flur, freundlich gesagt, mehrdeutig war. Ich bekam die Tür auf, holte meinen Bruder aus dem zweiten Bett, griff die Pässe vom Schreibtisch, weil meine Hände offenbar entschieden hatten, dass das jetzt wichtig ist, und wir gingen elf Stockwerke barfuß hinunter. Das halbe Haus stand schon auf dem Parkplatz, in Bettdecken gewickelt, und niemand fand jemanden vom Personal, den man hätte fragen können. Nach etwa zwanzig Minuten kam eine sehr ruhige Mitarbeiterin heraus und erklärte in sorgfältigem Englisch, ein Gast im vierten Stock habe unter einem Melder geraucht, und es habe zu keinem Zeitpunkt gebrannt. Es entstand eine lange Pause, in der vierhundert Menschen das verarbeiteten. Dann fing irgendwo hinten jemand an zu lachen, und es lief in Unruhe. Ich war ungefähr zehn Sekunden über den ganzen Parkplatz. Mein Bruder sah auf das, was er in der Hand hielt, nämlich die Fernbedienung, und konnte weder mir noch sich selbst erklären, warum er sie mitgenommen hatte.
reply_de_leading_sarcastic_20	de	reply	leading	['sarcastic']	de	0.99853515625	True	0.0	0	35	False	[sarcastic] Ganz hervorragendes Timing. Die Heizung fällt genau in der Woche aus, in der es kalt wird, der Installateur kann frühestens Donnerstag, und die Notfallnummer spielt mir eine Ansage vor, wie wichtig ich als Kunde bin.	Ganz hervorragendes Timing. Die Heizung fällt genau in der Woche aus, in der es kalt wird, der Installateur kann frühestens Donnerstag und die Notfallnummer spielt mir eine Ansage vor, wie wichtig ich als Kunde bin.
chapter_de_arc_24	de	chapter	per_sentence	['soft', 'excited', 'angry', 'sad', 'happy']	de	0.9990234375	True	0.04265402843601896	9	211	False	[soft] Das Dorfgemeinschaftshaus war seit Januar für die Ausstellung gebucht, ein langer Raum mit schlechtem Licht und einem Boden, der vierzig Jahre Federball gesehen hatte. [excited] Priya hatte drei Monate lang Fotografien zusammengetragen, war von Tür zu Tür gegangen und hatte Alben von Leuten geliehen, die sie außerhalb der Familie noch nie jemandem gezeigt hatten. [excited] Bis Freitag hingen zweihundertelf Abzüge an den Wänden, nach Jahrzehnten geordnet, und am Ende stand ein Tisch für alle, die mit Bleistift eine Bildunterschrift ergänzen wollten. [angry] Am Samstagmorgen teilte ihr der Vorstand mit, der Brandschutzbeauftragte sei da gewesen, die Stellwände versperrten einen zweiten Ausgang, und alles an der Ostwand müsse vor der Eröffnung abgehängt werden. [angry] Das waren sechzig Fotografien, die kompletten Siebzigerjahre, und die Menschen darauf kamen um elf. [sad] Sie hat sie selbst abgenommen, eine nach der anderen, und mit dem Bild nach oben auf der Bühne gestapelt, wo sie niemand sehen würde. [soft] Dann fragte ein Mann, den sie nicht kannte, was in dem Stapel sei, hörte sich die ganze Geschichte an und ging hinaus zu seinem Transporter. [happy] Er kam mit acht Klappstaffeleien aus dem Hochzeitsgeschäft seiner Schwester zurück, und um fünf nach elf standen die kompletten Siebzigerjahre mitten im Raum, sodass die Leute um sie herumgehen mussten, was hinterher alle für die von vornherein bessere Lösung hielten.	Das Dorfgemeinschaftshaus war seit Januar für die Ausstellung gebucht, ein langer Raum mit schlechtem Licht und einem Boden, der 40 Jahre Federball gesehen hatte. Priya hatte drei Monate lang Fotografien zusammengetragen, war von Tür zu Tür gegangen und hatte Alben von Leuten geliehen, die sie außerhalb der Familie noch nie jemandem gezeigt hatten. Bis Freitag hingen 211 Abzüge an den Wänden, nach Jahrzehnten geordnet, und am Ende stand ein Tisch für alle, die mit Bleistift eine Bildunterschrift ergänzen wollten. Am Samstagmorgen teilte ihr der Vorstand mit, der Brandschutzbeauftragte sei da gewesen, die Stellwände versperrten einen zweiten Ausgang und alles an der Ostwand müsse vor der Eröffnung abgehängt werden. Das waren 60 Fotografien, die kompletten 70er Jahre. Und die Menschen darauf kamen um elf, sie hat sie selbst abgenommen, eine nach der anderen, und mit dem Bild nach oben auf der Bühne gestapelt, wo sie niemand sehen würde. Dann fragte ein Mann, den sie nicht kannte, was in dem Stapel sei, hörte sich die ganze Geschichte an und ging hinaus zu seinem Transporter. Er kam mit acht Klappstaffeleien aus dem Hochzeitsgeschäft seiner Schwester zurück, und um fünf nach elf standen die kompletten 70er Jahre mitten im Raum. So daß die Leute um sie herumgehen mußten, was hinterher alle für die von vornherein bessere Lösung hielten.
reply_de_leading_fast_20	de	reply	leading	['fast']	de	0.9912109375	True	0.02631578947368421	1	38	False	[fast] Also, das Meeting ist auf elf verschoben, auf den Folien stehen noch die Zahlen vom letzten Quartal, Priya steht auf der Umgehungsstraße fest, und irgendjemand muss den Kunden anrufen, bevor er sich einwählt und das falsche Deck sieht.	Also, das Meeting ist auf L verschoben, auf den Folien stehen noch die Zahlen vom letzten Quartal. Priya steht auf der Umgehungsstraße fest und irgendjemand muss den Kunden anrufen, bevor er sich einwählt und das falsche Deck sieht.
reply_de_leading_happy_30	de	reply	leading	['happy']	de	1.0	True	0.025	1	40	False	[happy] Der Schrebergarten hat sich dieses Jahr endlich gelohnt. Wir kamen nach zwei Wochen zurück und rechneten mit einem Dschungel, stattdessen standen die Bohnen an den Stangen, die Tomaten waren von allein rot geworden, und die Nachbarn hatten ungefragt alles gegossen.	Der Schwebergarten hat sich dieses Jahr endlich gelohnt. Wir kamen nach zwei Wochen zurück und rechneten mit einem Dschungel. Stattdessen standen die Bohnen an den Stangen, die Tomaten waren von allein rot geworden und die Nachbarn hatten ungefragt alles gegossen.
small_pl_combined_fast_01	pl	small	combined	['fast', 'excited']	bg	0.303955078125	False	0.2857142857142857	2	7	False	[fast] [excited] Szybko, szybko, bo zaraz odjadą bez nas!	Siwko, siwko, bo zaraz odjadą bez nas.
small_pl_leading_whispers_01	pl	small	leading	['whispers']	sk	0.2587890625	False	0.8	4	5	False	[whispers] Tylko cicho, bo ją obudzisz.	Tylko ci się oboją budzisz.
small_pl_mid_sad_01	pl	small	mid	['sad']	pl	0.9814453125	True	0.1111111111111111	1	9	False	Chciałem ci to dać, ale [sad] już chyba za późno.	Chciałam ci to dać, ale już chyba za późno.
small_pl_multi_excited_01	pl	small	multi	['excited', 'angry']	ru	0.59033203125	False	0.08333333333333333	1	12	False	[excited] Dostałem bilety na koncert! [angry] No nie, a tu deszcz na cały weekend.	Zostawiam bilety na koncert. No nie, a tu deszcz na cały weekend.
small_pl_neutral_neutral_01	pl	small	neutral	[]	pl	0.96240234375	True	0.375	3	8	False	Sklep czynny jest codziennie od ósmej do dwudziestej.	Sklep przyny jest codziennie od 8 do 20.
reply_pl_per_sentence_angry_01	pl	reply	per_sentence	['angry', 'angry', 'sigh']	pl	0.98681640625	True	0.0	0	20	False	[angry] Znowu zostawiłeś brudne naczynia w zlewie. [angry] Mówiłam ci o tym chyba sto razy. [sigh] No dobrze, posprzątam, ale to ostatni raz.	Znowu zostawiłeś brudne naczynia w zlewie? Mówiłam ci o tym chyba sto razy. No dobrze, posprzątam, ale to ostatni raz.
small_pl_special_sigh_01	pl	small	special	['sigh']	pl	0.8544921875	True	0.6666666666666666	4	6	False	No trudno [sigh], jutro spróbujemy jeszcze raz.	Zmei jutwo, no jutwo spróbujemy jeszcze raz
small_pl_trailing_sigh_01	pl	small	trailing	['sigh']	pl	0.95751953125	True	0.0	0	6	False	No dobrze, posprzątam ten pokój sam [sigh].	No dobrze, posprzątam ten pokój sam.
small_pl_wrap_whispers_01	pl	small	wrap	['whispers']	pl	0.8642578125	True	0.375	3	8	False	Podaj mi [whispers] sól, tylko żeby mama nie słyszała.	Posłuchaj mi w sol, tylko żeby mama nie słyszała.
small_pl_combined_whispering_01_s2	pl	small	combined	['whispering', 'fearful']	pl	0.36865234375	True	0.7142857142857143	5	7	False	[whispering] [fearful] Ktoś chodzi po strychu, słyszysz te kroki?	Zoczysz ty też w suszusz te kroki?
small_pl_leading_excited_01	pl	small	leading	['excited']	pl	0.9052734375	True	1.2	6	5	False	[excited] No nie wierzę, wygraliśmy mecz!	Czas na syny i wieżę wygraliśmy mieć.
small_pl_mid_angry_01	pl	small	mid	['angry']	hr	0.5615234375	False	0.5714285714285714	4	7	False	Prosiłem grzecznie, a ty [angry] dalej swoje robisz.	Wreszcie to jest mszecznie, a ty dalej swoje robisz.
small_pl_multi_happy_01_s2	pl	small	multi	['happy', 'sad']	pl	0.400390625	True	0.5454545454545454	6	11	False	[happy] Wreszcie wakacje, jedziemy nad morze! [sad] A potem znowu te smutne poniedziałki.	że potem znowu te smutne poniedziałki.
small_pl_neutral_neutral_02	pl	small	neutral	[]	pl	0.9931640625	True	0.0	0	8	False	Przystanek autobusowy znajduje się tuż za rogiem ulicy.	Przystanek autobusowy znajduje się tuż za rogiem ulicy.
chapter_pl_arc_02	pl	chapter	per_sentence	['excited', 'happy', 'angry', 'sad', 'sigh', 'happy']	pl	0.998046875	True	0.028368794326241134	4	141	False	[excited] Od trzech miesięcy przygotowywaliśmy się do tego konkursu kulinarnego i wreszcie nadszedł wielki dzień. [happy] Nasza drużyna wstała o świcie, pełna energii i pomysłów na danie, które miało zachwycić jurorów. Kroiliśmy warzywa, mieszaliśmy sosy i śmialiśmy się przy tym jak dzieci, czując, że nic nas dziś nie powstrzyma. [angry] Niestety, na pół godziny przed końcem piekarnik nagle przestał grzać i nasza pieczeń została kompletnie surowa w środku. Krzyczałem na ten sprzęt, jakby mógł mnie usłyszeć i naprawić się ze strachu. [sad] Wydawało się, że cała nasza ciężka praca poszła na marne, a marzenie o wygranej właśnie się rozwiało. [sigh] Usiedliśmy zrezygnowani przy stole, patrząc na zimne danie i milcząc. Wtedy jednak nasza najmłodsza koleżanka zaproponowała, żeby z resztek zrobić zupełnie nową, prostą potrawę. [happy] Ku naszemu zdumieniu jurorzy zachwycili się tą improwizacją i przyznali nam drugie miejsce, a my zrozumieliśmy, że czasem porażka otwiera nowe drzwi.	Od sześć miesięcy przygotowywaliśmy się do tego konkursu kulinarnego i wreszcie nadszedł wielki dzień, że drużyna wstała o świcie pełna energii i pomysłów na danie, które miało zachwycić jurorów. Kroiliśmy warzywa, mieszaliśmy sosy i śmialiśmy się przy tym jak dzieci, czując, że nic nas dziś nie powstrzyma. Niestety, na pół godziny przed końcem piekarnik nagle przestał grzać i nasza piecień została kompletnie surowa w środku. Krzyczałem na ten sprzęt, jakby mógł mnie usłyszeć i naprawić się ze strachu. Wydawało się, że cała nasza ciężka praca poszła na marne, a marzenie o wygranej właśnie się rozwiało. Usiedliśmy zrezygnowani przy stole, patrząc na zimne danie i milcząc. Wtedy jednak nasza najmłodsza koleżanka zaproponowała, żeby z resztek zrobić zupełnie nową, prostą potrawę. Do naszemu zdumieniu jurorzy zachwycili się tą improwizacją i przyznali nam drugie miejsce, a my zrozumieliśmy, że czasem porażka otwiera nowe drzwi.
reply_pl_special_laugh_01	pl	reply	special	['laugh']	pl	0.986328125	True	0.09090909090909091	2	22	False	Opowiedział mi dowcip tak stary, że pamiętam go z podstawówki [laugh]. A i tak za każdym razem się śmieję, sam nie wiem czemu.	Widziły mi dowcip tak stary, zresztą pamiętam go z podstawówki, a i tak za każdym razem się śmieję, sam nie wiem czemu.
small_pl_trailing_surprised_01	pl	small	trailing	['surprised']	pl	0.9482421875	True	0.3333333333333333	2	6	False	Otworzyłem szafę, a tam pełno kotów [surprised].	Adwaryzuję szafę, tam pełno kotów.
small_pl_wrap_soft_01	pl	small	wrap	['soft']	pl	0.97509765625	True	0.0	0	7	False	To był taki [soft] cichutki dźwięk, ledwo słyszalny.	To był taki cichutki dźwięk, ledwo słyszalny.
small_pl_combined_hurrytone_01_s2	pl	small	combined	['in a hurry tone', 'angry']	pl	0.9501953125	True	0.5	4	8	False	[in a hurry tone] [angry] Dawaj kurtkę i ruszamy, spóźnimy się przez ciebie!	Co moc dałaś hurtkę i ruszamy. Spóźnimy się przez ciebie.
reply_pl_leading_sad_01	pl	reply	leading	['sad']	pl	0.982421875	True	0.0	0	21	False	[sad] Wiesz, trochę mi przykro z tego powodu. Liczyłem, że jednak przyjdziesz na moje urodziny. Ale rozumiem, że masz dużo na głowie.	Wiesz, trochę mi przykro z tego powodu. Liczyłem, że jednak przyjdziesz na moje urodziny, ale rozumiem, że masz dużo na głowie.
reply_pl_mid_surprised_01	pl	reply	mid	['surprised']	pl	0.98681640625	True	0.05263157894736842	1	19	False	Szliśmy spokojnie przez park, rozmawiając o pogodzie. I [surprised] nagle z krzaków wyskoczył ogromny pies. Na szczęście okazał się przyjazny.	Staliśmy spokojnie przez park rozmawiając o pogodzie i nagle z krzaków wyskoczył ogromny pies. Na szczęście okazał się przyjazny.
small_pl_multi_surprised_01_s2	pl	small	multi	['surprised', 'happy', 'sad']	pl	0.9609375	True	0.23076923076923078	3	13	False	[surprised] Co, urodziny dzisiaj? [happy] To świetnie, robimy tort! [sad] Szkoda, że babci już nie ma.	Ku! I rodzinie dzisiaj? To świetnie, robimy tort. Szkoda, że babci już nie ma.
small_pl_neutral_neutral_03	pl	small	neutral	[]	pl	0.99560546875	True	0.3333333333333333	3	9	False	W lodówce został jeszcze kawałek sera i trochę masła.	W cyplizie o lodówce został jeszcze kawałek syra i trochę masła.
reply_pl_per_sentence_happy_01_s2	pl	reply	per_sentence	['happy', 'surprised', 'happy']	pl	0.99755859375	True	0.05555555555555555	1	18	False	[happy] Ależ się cieszę, że dzwonisz! [surprised] Naprawdę kupiłeś już ten dom? [happy] To wspaniała wiadomość, gratuluję wam z całego serca!	Ale się cieszę, że dzwonisz. Naprawdę kupiłeś już ten dom? To wspaniała wiadomość. Gratuluję Wam z całego serca.
small_pl_special_laughing_01_s2	pl	small	special	['laughing']	pl	0.98583984375	True	0.0	0	9	False	Spojrzał na mnie poważnie i [laughing] nie wytrzymał ani sekundy.	Spojrzał na mnie poważnie i nie wytrzymał ani sekundy.
reply_pl_trailing_sigh_01	pl	reply	trailing	['sigh']	pl	0.9287109375	True	0.0	0	18	False	Cały dzień szukałem kluczy po całym mieszkaniu. W końcu znalazłem je w kieszeni kurtki, którą miałem na sobie [sigh].	Cały dzień szukałem kluczy po całym mieszkaniu, w końcu znalazłem je w kieszeni kurtki, którą miałem na sobie.
small_pl_wrap_shouting_01_s2	pl	small	wrap	['shouting']	ru	0.418212890625	False	0.25	2	8	False	I nagle krzyknął [shouting] uciekajcie, a my w nogi.	Ajnajgl krzyknął, uciekajcie, a my w nogi.
reply_pl_combined_hurrytone_01_s2	pl	reply	combined	['in a hurry tone', 'excited']	pl	0.97216796875	True	0.058823529411764705	1	17	False	[in a hurry tone] [excited] Szybko zbieraj się, taksówka już czeka pod domem! Nie chcę przegapić początku tego filmu, podobno jest rewelacyjny.	Slip zbieraj się, taksówka już czeka pod domem. Nie chcę przegapić początku tego filmu, podobno jest rewelacyjny.
small_pl_leading_happy_01_s2	pl	small	leading	['happy']	pl	0.984375	True	0.14285714285714285	1	7	False	[happy] Ależ super, że w końcu się udało!	Ale super, że w końcu się udało.
small_pl_mid_sighing_01_s2	pl	small	mid	['sighing']	pl	0.98486328125	True	0.0	0	8	False	Miałem zdążyć na pociąg, [sighing] no i znowu uciekł.	Miałem zdążyć na pociąg, no i znowu uciekł.
reply_pl_multi_happy_01_s2	pl	reply	multi	['happy', 'sad', 'happy']	pl	0.9970703125	True	0.045454545454545456	1	22	False	[happy] Pamiętasz nasze wspólne wakacje nad jeziorem? [sad] Tak szybko to wszystko minęło, aż żal. [happy] Ale za rok możemy przecież pojechać tam jeszcze raz!	Pamiętasz nasze wspólne wakacje nad jeziorem? Tak szybko to wszystko minęło, żal. Ale za rok możemy przecież pojechać tam jeszcze raz.
reply_pl_neutral_neutral_01	pl	reply	neutral	[]	pl	0.99951171875	True	0.0625	1	16	False	Spotkanie zostało przełożone na czwartek o godzinie dziesiątej. Proszę o potwierdzenie obecności mailem do końca dnia.	Spotkanie zostało przełożone na czwartek o godzinie 10. Proszę o potwierdzenie obecności mailem do końca dnia.
reply_pl_per_sentence_whispering_01_s2	pl	reply	per_sentence	['whispering', 'fearful', 'whispering']	pl	0.9814453125	True	0.05555555555555555	1	18	False	[whispering] Nie ruszaj się, coś tam stoi w korytarzu. [fearful] Słyszysz, jak skrzypi ta podłoga? [whispering] Powoli wycofujemy się do pokoju.	Nie rusza się coś tam stoi w korytarzu. Słyszysz jak skrzypi ta podłoga. Powoli wycofujemy się do pokoju.
small_pl_special_sighing_01_s2	pl	small	special	['sighing']	pl	0.9931640625	True	0.1111111111111111	1	9	False	Patrzę na ten rachunek [sighing] i nie wiem, co powiedzieć.	Fetlę na ten rachunek i nie wiem, co powiedzieć.
small_pl_trailing_disdainful_01_s2	pl	small	trailing	['disdainful']	pl	0.9755859375	True	0.1	1	10	False	Pokazał mi tę pracę, [disdainful] jakby ktoś to w ogóle czytał.	Pokazał mi to pracę, jakby ktoś to w ogóle czytał.
reply_pl_wrap_one_word_20	pl	reply	wrap	['whispers']	pl	0.98876953125	True	0.13333333333333333	4	30	False	W całej sali zrobiło się cicho, kiedy kurator uniósł płótno, a ktoś za mną powiedział [whispers] niezwykłe, i przez dobre dziesięć sekund było to jedyne słowo, na jakie ktokolwiek się zdobył.	Całe sali zrobiło się cicho, kiedy kurator uniósł płótno, a ktoś za mną powiedział niezwykłe i przez dobre 10 sekund było to jedyne słowo, na jakie ktokolwiek się zdobił.
reply_pl_combined_softsad_20	pl	reply	combined	['soft', 'sad']	pl	0.9970703125	True	0.10714285714285714	3	28	False	[soft] [sad] Znalazłam jego pismo na marginesie książki kucharskiej, tylko notatkę, żeby dawać mniej soli. Taka zwyczajna rzecz do zostawienia po sobie, a nie mogłam odłożyć tej książki przez godzinę.	Zanotzę mi jego pismo na marginesie książki kucharskiej, tylko notatkę, żeby dawać mniej soli. Taka zwyczajna rzecz do zostawienia po sobie, a nie mogłem odłożyć tej książki przez godzinę.
small_pl_leading_angry_01_s2	pl	small	leading	['angry']	pl	0.9609375	True	0.14285714285714285	1	7	False	[angry] Mam już dość tego bałaganu w kuchni!	Mam już dość tego bałaganu w kuśni.
small_pl_mid_fearful_01_s2	pl	small	mid	['fearful']	pl	0.94970703125	True	0.5	4	8	False	Wracaliśmy do domu i [fearful] nagle ktoś zgasił światło.	Na tej setce uciekliśmy do domu i nagle ktoś zgasił światło.
chapter_pl_arc_03_s2	pl	chapter	multi	['happy', 'fearful', 'sad', 'happy']	pl	0.99951171875	True	0.039735099337748346	6	151	False	[happy] Tego ranka morze było spokojne jak lustro, a my wypłynęliśmy małą łódką daleko za zatokę, śmiejąc się i śpiewając stare szanty. Słońce grzało przyjemnie, a woda mieniła się tysiącem srebrnych iskier, jakby ktoś rozsypał na niej garść gwiazd. Czuliśmy się wolni i nieśmiertelni, przekonani, że ten doskonały dzień nigdy się nie skończy. [fearful] Lecz po południu niebo na horyzoncie pociemniało nagle, a wiatr zaczął szarpać żaglem z niepokojącą siłą. Fale rosły z każdą minutą, przelewając się przez burtę, a my w panice szukaliśmy drogi powrotnej do brzegu. [sad] Gdy w końcu dobiliśmy do mola, przemoczeni i wyczerpani, okazało się, że zgubiliśmy w sztormie aparat z całymi zdjęciami z wakacji. Siedzieliśmy na pomoście w milczeniu, żałując tych utraconych wspomnień. [happy] Ale wtedy stary rybak podszedł do nas z termosem gorącej herbaty i powiedział, że najlepsze wspomnienia i tak nosimy w sercu, a nie na kliszy. Roześmialiśmy się przez łzy, wdzięczni, że cali wróciliśmy na ląd.	Z jego rankamordze było spokojne jak lustro, a my wypłynęliśmy małą łódzką daleko za zatokę, śmiejąc się i śpiewając stare szanty. Słońce grzało przyjemnie, a woda mieniła się tysiącem srebrnych iskier, jakby ktoś rozsypał na niej garść gwiazd. Czuliśmy się wolni i nieśmiertelni, przekonani, że ten doskonały dzień nigdy się nie skończy. Lecz po południu niebo na horyzoncie pociemniało nagle, a wiatr zaczął szarpać żaglem z niepokojącą siłą. Fale rosły z każdą minutą, przelewając się przez burtę, a my w panice szukaliśmy drogi powrotnej do brzegu. Gdy w końcu dobiliśmy do mola, przemoczeni i wyczerpani, okazało się, że zgubiliśmy w sztormie aparat z całymi zdjęciami z wakacji. Siedzieliśmy na pomoście w milczeniu, żałując tych utraconych wspomnień. Ale wtedy stary rybak podszedł do nas z termosem gorącej herbaty i powiedział, że najlepsze wspomnienia i tak nosimy w sercu, a nie na kliszy. Rożeśmialiśmy się przez łzy, wdzięczni, że cali wróciliśmy na ląd. KONIEC
reply_pl_neutral_neutral_02	pl	reply	neutral	[]	pl	0.99169921875	True	0.2631578947368421	5	19	False	Pociąg do Krakowa odjeżdża z peronu trzeciego. Podróż potrwa około dwóch i pół godziny, z jedną przesiadką w Katowicach.	Placentek Krakowa odjeżdża z peronu trzeciego. Podróż potrwa około 2,5 godziny z jedną przesiadką w Katowicach.
chapter_pl_arc_01_s2	pl	chapter	per_sentence	['sad', 'sighing', 'fearful', 'surprised', 'happy', 'happy']	pl	0.99951171875	True	0.03125	4	128	False	[sad] Dom stał pusty od wielu lat, a ja wracałam do niego po raz pierwszy od śmierci dziadków. [sighing] Każda deska w podłodze skrzypiała tak samo jak kiedyś, gdy biegałam tędy jako mała dziewczynka. Zapach starego drewna i kurzu od razu przywołał setki wspomnień, które wydawały się zupełnie zapomniane. [fearful] Gdy weszłam na strych, usłyszałam dziwny szelest gdzieś w kącie i serce podeszło mi do gardła. Przez chwilę stałam nieruchomo, bojąc się nawet oddychać, wpatrzona w ciemność pod krokwiami. [surprised] Wtedy z cienia wyłoniła się mała, przestraszona kotka z dwoma kociętami. Musiała schronić się tu przed mrozem i urodzić swoje maleństwa właśnie w moim rodzinnym domu. [happy] Uśmiechnęłam się szeroko, bo nagle ten pusty, smutny dom przestał być pusty. [happy] Postanowiłam, że zostanę i przywrócę mu dawne życie, a one będą moją nową rodziną.	Dom stał pusty od wielu lat, a ja wracałam do niego po raz pierwszy od śmierci dziadków. Każda deska w podłodze skrzypiała tak samo jak kiedyś, gdy biegałam wtedy jako mała dziewczynka. Zapach starego drewna i kurzu od razu przywołało setki wspomnień, które wydawały się zupełnie zapomniane. Gdy weszłam na strych, usłyszałam dziwny szelest gdzieś w kącie i serce podeszło mi do gardła. Przez chwilę stałam nieuszchomio, bojąc się nawet oddychać, patrzona w ciemność pod krokwiami. Wtedy z cienia wyłoniła się mała, przestraszona kotka z dwoma kociętami. Musiała schronić się tu przed mrozem i urodzić swoje maleństwa właśnie w moim rodzinnym domu. Uśmiechnęłam się szeroko, bo nagle ten pusty, smutny dom przestał być pusty. Postanowiłam, że zostanę i przywrócę mu dawne życie, a one będą moją nową rodziną.
reply_pl_special_laugh_20	pl	reply	special	['laugh']	pl	0.935546875	True	0.07142857142857142	2	28	False	Wstaje więc do tego bardzo uroczystego toastu, stuka w kieliszek, chrząka, i całe dno kieliszka odpada mu na stół [laugh] a on po prostu kontynuuje przemowę, trzymając samą nóżkę.	Staje więc do tego bardzo uroczystego tostu, stuka w kieliszek, chrząka i całe dno kieliszka odpada mu na stół, a on po prostu kontynuuje przemowę, trzymając samą nóżkę.
small_pl_trailing_laughing_01_s2	pl	small	trailing	['laughing']	pl	0.9638671875	True	0.0	0	9	False	On naprawdę myślał, że to ja zjadłem to ciasto [laughing].	On naprawdę myślał, że to ja zjadłem to ciasto.
reply_pl_wrap_name_20	pl	reply	wrap	['soft']	pl	0.99560546875	True	0.16666666666666666	3	18	False	Czytali nazwiska powoli, jedno po drugim, a kiedy doszli do [soft] Małgorzata, mężczyzna w pierwszym rzędzie wreszcie opuścił głowę.	Szczetanie nazwiska powoli i jedno po drugim, a kiedy doszli do Małgorzata, mężczyzna w pierwszym rzędzie wreszcie opuścił głowy.
reply_pl_combined_fastexcited_20	pl	reply	combined	['fast', 'excited']	pl	0.966796875	True	0.15384615384615385	4	26	False	[fast] [excited] Dobra, taksówka stoi pod domem, paszporty są w niebieskiej torbie, już nas odprawiłem, i jeśli wyjdziemy w ciągu czterech minut, złapiemy wcześniejszy pociąg zamiast tego późnego.	Sztura, takisówka stoi pod domem, wasze poczty są w niebieskiej torbie, już nas odprawiłem i jeśli wyjdziemy w ciągu czterech minut, złapiemy wcześniejszy pociąg zamiast tego późnego.
small_pl_leading_surprised_01_s2	pl	small	leading	['surprised']	hr	0.281005859375	False	0.25	2	8	False	[surprised] Ojej, a ty tu skąd o tej porze?	Uje, a ty wciąż skąd o tej porze?
reply_pl_mid_disdainful_01_s2	pl	reply	mid	['disdainful']	pl	0.98779296875	True	0.045454545454545456	1	22	False	Pokazał wszystkim swój nowy zegarek, bardzo dumny. A potem [disdainful] okazało się, że to zwykła podróbka z bazaru. Trochę było mi go żal.	Pokazał swój nowy zegarek, bardzo dumny, a potem okazało się, że to zwykła podróbka z bazaru. Trochę było mi go żal.
reply_pl_multi_joy_grief_20	pl	reply	multi	['excited', 'sad', 'soft']	pl	0.98193359375	True	0.027777777777777776	1	36	False	[excited] Wyniki wyszły czyste, zupełnie czyste, naprawdę krzyknęłam na korytarzu. [sad] Potem przypomniałam sobie, że Anna dostała swoje w tym samym tygodniu rok temu, i jej nie były. [soft] Więc posiedziałam jeszcze chwilę w samochodzie, zanim pojechałam do domu.	Łydniki wyszły czyste, zupełnie czyste. Naprawdę krzyknęłam na korytarzu. Potem przypomniałam sobie, że Anna dostała swoje w tym samym tygodniu rok temu i jej nie były. Więc posiedziałam jeszcze chwilę w samochodzie, zanim pojechałam do domu.
chapter_pl_arc_04	pl	chapter	neutral	[]	pl	1.0	True	0.04285714285714286	6	140	False	Proces parzenia dobrej kawy zaczyna się od wyboru świeżo palonych ziaren odpowiedniej jakości. Najlepiej mielić je tuż przed zaparzeniem, ponieważ zmielona kawa szybko traci swój aromat i olejki eteryczne. Grubość mielenia należy dopasować do metody, której zamierzamy użyć, gdyż inaczej parzy się kawę w ekspresie kolbowym, a inaczej w prostym dripie. Woda powinna mieć temperaturę około dziewięćdziesięciu trzech stopni, czyli tuż po zagotowaniu, odstawiona na kilkanaście sekund. Zbyt gorąca woda przypali kawę i wydobędzie z niej gorzkie, nieprzyjemne nuty. Proporcje zazwyczaj wynoszą około sześćdziesięciu gramów kawy na litr wody, choć każdy może dostosować je do własnego smaku. Po zalaniu warto odczekać chwilę, aby kawa równomiernie się rozparzyła i uwolniła pełnię aromatu. Gotowy napar najlepiej spożyć od razu, zanim ostygnie i straci swoją głębię. Przygotowanie kawy to nie tylko codzienna czynność, ale i mała sztuka, która wymaga uwagi oraz odrobiny cierpliwości.	Proces parzenia dobrej kawy zaczyna się od wyboru świeżo palonych ziaren odpowiedniej jakości. Najlepiej mielić je tuż przed zaparzeniem, ponieważ zmielona kawa szybko traci swój aromat i olejki eteryczne. Grubość mielenia należy dopasować do metody, której zamierzamy użyć, gdyż inaczej parzy się kawę w ekspresie kolbowym, a inaczej w prostym dripie. Woda powinna mieć temperaturę około 93 stopni, czyli tuż po zagotowaniu odstawiona na kilkanaście sekund. Zbyt gorąca woda przypali kawę i wydobędzie z niej gorzkie, nieprzyjemne nuty. Proporcje zazwyczaj wynoszą około 60 gramów kawy na litr wody, choć każdy może dostosować je do własnego smaku. Po zalaniu warto odczekać chwilę, aby kawa równomiernie się rozparzyła i uwolniła pełnię aromatu. Gotowy napar najlepiej spożyć od razu, zanim ostygnie i straci swoją głębię. Przygotowanie kawy to nie tylko codzienna czynność, ale i mała sztuka, która wymaga uwagi oraz odrobiny, a także niecierpliwości.
reply_pl_per_sentence_arc_20	pl	reply	per_sentence	['soft', 'surprised', 'excited']	pl	0.9990234375	True	0.05555555555555555	2	36	False	[soft] Koperta leżała za zegarem od marca. [surprised] W środku było zdjęcie, którego nigdy nie widziałam, moja mama mniej więcej dziewiętnastoletnia, śmiejąca się z czegoś poza kadrem. [excited] A na odwrocie, ołówkiem, nazwa ulicy, na której poznała mojego ojca.	Kabareta leziała za zegarem od marca, w środku było zdjęcie, którego nigdy nie widziałam. Moja mama mniej więcej dziewiętnastoletnia, śmiejąca się z czegoś poza kadrem. A na odwrocie ołówkiem nazwa ulicy, na której poznała mojego ojca.
reply_pl_special_gasp_20	pl	reply	special	['gasp']	pl	0.9990234375	True	0.0	0	24	False	Skręciła na ostatnim zakręcie szlaku, spodziewając się kolejnego lasu, i cała dolina otworzyła się pod nią [gasp] a jezioro łapało światło aż po najdalszą grań.	Skręciła na ostatnim zakręcie szlaku, spodziewając się kolejnego lasu i cała dolina otworzyła się pod nią, a jezioro łapało światło aż po najdalszą grań.
reply_pl_trailing_laughing_01_s2	pl	reply	trailing	['laughing']	pl	0.9619140625	True	0.14285714285714285	2	14	False	Próbowałem upiec ciasto według przepisu babci. Wyszło coś, co bardziej przypominało cegłę niż deser [laughing].	Wtedy ciasto według przepisu babci wyszło coś, co bardziej przypominało cegłę niż deser.
reply_pl_wrap_number_20	pl	reply	wrap	['surprised']	pl	0.962890625	True	0.1724137931034483	5	29	False	Poprosiłem mechanika o orientacyjną wycenę i wewnętrznie się przygotowałem, a on popatrzył chwilę na silnik i powiedział [surprised] czterdzieści, co w żadną stronę nie było liczbą, na którą byłem gotowy.	Po prostu miałam hechanika o orientacyjną wycenę i wewnętrznie się przygotowałem, a on popatrzył chwilę na silnik i powiedział 40, co w żadną stronę nie było liczbą, na którą byłem gotowy.
reply_pl_combined_whisperfear_20	pl	reply	combined	['whispers', 'fearful']	pl	0.935546875	True	0.5263157894736842	10	19	False	[whispers] [fearful] Ktoś jest na klatce. Słyszę tę deskę przy szafce z pościelą, tę, która zawsze skrzypi. Jeszcze nie zapalaj światła.	Skończę się z dokladze. Słyszę, że te deski przy szafce spuściją. Ty, która zawsze skrzypi, jeszcze nie zapalaj światła.
reply_pl_leading_excited_01_s2	pl	reply	leading	['excited']	pl	0.9921875	True	0.0	0	18	False	[excited] Słuchaj, mam dla ciebie świetną wiadomość! Dostałem tę pracę, o której tyle marzyłem. Zaczynam już w przyszłym tygodniu.	Słuchaj, mam dla ciebie świetną wiadomość. Dostałem tę pracę, o której tyle marzyłem. Zaczynam już w przyszłym tygodniu.
reply_pl_mid_surprised_20	pl	reply	mid	['surprised']	pl	0.92431640625	True	0.3333333333333333	9	27	False	Otworzyłem list, spodziewając się kolejnej odmowy, i [surprised] to była zgoda razem z pełnym stypendium. Musiałem usiąść na schodach i przeczytać wszystko dwa razy, zanim do mnie dotarło.	W tej chwili, że mnóstwo osób spodziewało się kolejnej odmowy i to było zgodne razem z pełnym stypendium, musiałem usiąść na schodach i przeczytać wszystko dwa razy, zanim do mnie dotarło.
reply_pl_multi_anger_calm_20	pl	reply	multi	['angry', 'sigh', 'soft']	pl	0.9951171875	True	0.03225806451612903	1	31	False	[angry] Mówiłem, że tego terminu nie da się przesunąć, napisałem to, powiedziałem to na zebraniu. [sigh] I oczywiście i tak go przesunęli. [soft] Szczerze mówiąc, na tym etapie już niczego innego się nie spodziewam.	Użyłem, że tego terminu nie da się przesunąć, napisałem to, powiedziałem to na zebraniu. I oczywiście i tak go przesunęli. Szczerze mówiąc, na tym etapie już niczego innego się nie spodziewam.
reply_pl_neutral_20	pl	reply	neutral	[]	pl	0.9990234375	True	0.04	1	25	False	Biblioteka przeniosła czytelnię na drugie piętro w czasie wakacji. W dni powszednie jest otwarta do dwudziestej, a czytniki mikrofilmów zastąpiono dwoma stanowiskami skanującymi przy oknie.	Biblioteka przeniosła czytelnię na drugie piętro w czasie wakacji. W dni powszednie jest otwarta do 20, a czytniki mikrofilmów zastąpiono dwoma stanowiskami skanującymi przy oknie.
reply_pl_per_sentence_worry_20	pl	reply	per_sentence	['fearful', 'trembling voice', 'soft']	pl	0.962890625	True	0.0	0	28	False	[fearful] Telefon zadzwonił dwadzieścia po drugiej w nocy. [trembling voice] Nie mogłam z siebie wydusić słów, powtarzałam tylko pytanie, do którego szpitala. [soft] Zanim dojechałam, już nie spał i narzekał na herbatę.	Telefon zadzwonił dwadzieścia po drugiej w nocy. Nie mogłam z siebie wydusić słów, powtarzałam tylko pytanie do którego szpitala. Zanim dojechałam, już nie spał i narzekał na herbatę.
reply_pl_special_sigh_20	pl	reply	special	['sigh']	pl	0.9716796875	True	0.09523809523809523	2	21	False	Przepisałem cały rozdział, przebudowałem go, wyciąłem cztery tysiące słów [sigh] a jedyna uwaga mojej redaktorki była taka, że pierwotny początek był lepszy.	Przepisałem cały rozdział, przebudowałem go, wyciąłem 4000 słów, a jedyna uwaga mojej redaktorki była taka, że pierwotny początek był lepszy.
reply_pl_trailing_sigh_20	pl	reply	trailing	['sigh']	pl	0.9697265625	True	0.08695652173913043	2	23	False	Pociąg odwołany, autobus zastępczy nie przyjechał wcale, a kiedy wreszcie dotarłem do biura, spotkanie dawno się skończyło. Czyli cały poranek, po prostu przepadł. [sigh]	W pociąg odwołany autobus zastępczy nie przyjechał wcale, a kiedy wreszcie dotarłem do biura, spotkanie dawno się skończyło, czyli cały poranek po prostu pszpedał.
reply_pl_wrap_place_20	pl	reply	wrap	['excited']	pl	0.94140625	True	0.06896551724137931	2	29	False	Do samego końca twierdził, że cel jest niespodzianką, aż tablica odlotów przeskoczyła i pokazała [excited] Lizbona, a ja wydałam z siebie na środku terminalu dźwięk, z którego nie jestem dumna.	Zesemiko u końca twierdził, że cel jest niespodzianką, aż tablica odlotów przeskoczyła i pokazała Lizbona, a ja wydałam z siebie na środku terminalu dźwięk, z którego nie jestem dumna.
reply_pl_combined_pitchhappy_20	pl	reply	combined	['pitch up', 'super happy']	pl	0.943359375	True	0.13333333333333333	2	15	False	[pitch up] [super happy] Zgodzili się! Żadne może, żadne zastanowimy się, prawdziwa, bezwarunkowa zgoda, i mamy zacząć we wrześniu!	Sigurdsilisie, żadne może, żadne zastanowimy się, prawdziwa bezwarunkowa zgoda i mamy zacząć we wrześniu.
reply_pl_leading_excited_20	pl	reply	leading	['excited']	pl	0.9677734375	True	0.045454545454545456	1	22	False	[excited] Decyzja przyszła dziś rano, pocztą, w takiej cienkiej kopercie. Przez trzy tygodnie byłem przekonany, że cienka koperta oznacza odmowę. Tym razem nie.	Decisja przyszła dziś rano pocztą w takiej cienkiej kopercie. Przez trzy tygodnie byłem przekonany, że cienka koperta oznacza odmowę. Tym razem nie.
reply_pl_mid_excited_20	pl	reply	mid	['excited']	pl	0.96875	True	0.04	1	25	False	Byliśmy w połowie drugiego setu, kiedy zupełnie padł dźwięk, a potem [excited] cała publiczność po prostu sama pociągnęła refren dalej. Dwa tysiące osób, bez jednego mikrofonu.	Waliśmy w połowie drugiego setu, kiedy zupełnie padł dźwięk, a potem cała publiczność po prostu sama pociągnęła refren dalej. Dwa tysiące osób bez jednego mikrofonu.
reply_pl_multi_fear_relief_20	pl	reply	multi	['fearful', 'surprised', 'happy']	pl	0.97802734375	True	0.07894736842105263	3	38	False	[fearful] Nie mogłam go znaleźć nigdzie w parku, ani przy huśtawkach, ani przy stawie. [surprised] Potem jakaś kobieta klepnęła mnie w ramię i pokazała na muszlę koncertową. [happy] Stał tam na górze i dyrygował niewidzialną orkiestrą, całkowicie zadowolony i zupełnie nieświadomy.	Nie mogłam go znaleźć nigdzie w parku, ani przy huśtawkach, ani przy stawie. Potem jakaś kobieta kleknęła mnie w ramię i pokazała nam uszlę koncertową. Stał tam na górze i dyrygował niewidzialną orkiestrą, całkowicie zadowolony i zupełnie nieświadomy.
reply_pl_neutral_21	pl	reply	neutral	[]	pl	0.99658203125	True	0.06666666666666667	2	30	False	Mąkę dodawać w trzech partiach i mieszać delikatnie, nie ubijać. Ciasto może na końcu wyglądać jeszcze lekko niejednolicie. Zbyt długie mieszanie na tym etapie sprawia, że gotowe ciasto jest zbite.	Mąkę dodawać w trzech parciach i mieszać delikatnie, nie ubijać. Ciasto może na końcu wyglądać jeszcze lekko niejednolicie. Zbyt długie mieszanie na tym etapie sprawia, że gotowe ciasto jest bite.
reply_pl_per_sentence_humour_20	pl	reply	per_sentence	['chuckle', 'sigh', 'laugh']	pl	0.96240234375	True	0.11764705882352941	4	34	False	[chuckle] W tym roku postanowiłem, że sam złożę te meble, przecież to nie może być trudne. [sigh] Cztery godziny później miałem szafę z drzwiami do środka. [laugh] I dwie śruby zostały, o których świadomie postanowiłem nie myśleć.	Przy projuju postanowiłem, że sam złożę te meble, że przecież to nie może być trudne. Cztery godziny później miałem szafę z drzwiami do środka i dwie śruby zostały, o których świadomie postanowiłem nie myśleć.
reply_pl_special_chuckle_20	pl	reply	special	['chuckle']	pl	0.98388671875	True	0.0	0	25	False	Mój ojciec przez cały urlop upierał się, że nie potrzebuje mapy, że jedziemy absolutnie dobrze [chuckle] i wylądowaliśmy w zupełnie innym kraju niż ten, który zarezerwowaliśmy.	Mój ojciec przez cały urlop upierał się, że nie potrzebuje mapy, że jedziemy absolutnie dobrze i wylądowaliśmy w zupełnie innym kraju niż ten, który zarezerwowaliśmy.
reply_pl_trailing_laugh_20	pl	reply	trailing	['laugh']	pl	0.9775390625	True	0.09375	3	32	False	Przez czterdzieści minut szukałam okularów po całym mieszkaniu, każdy pokój po dwa razy, nawet kosz na pranie, a potem zobaczyłam swoje odbicie w lustrze w przedpokoju. Cały czas miałam je na głowie. [laugh]	Po 40 minut szukałam okularów po całym mieszkaniu, każdy pokój po dwa razy, nawet kosz na pranie, a potem zobaczyłam swoje odbicie w luszce w przedpokoju. Cały czas miałam je na głowie.
reply_pl_combined_softwhisper_30	pl	reply	combined	['soft', 'whisper in a small voice']	pl	0.9853515625	True	0.13043478260869565	3	23	False	[soft] [whisper in a small voice] Zapytał, czy pies będzie jeszcze, kiedy on się obudzi, a ja miałam jakieś pół sekundy, żeby zdecydować, na jaką odpowiedź to pytanie zasługuje.	Zapitał, czy pies będzie jeść się, kiedy on się obudzi? A ja miałam jakieś pół sekundy, żeby zdecydować, na jaką odpowiedź to pytanie zasługuje.
reply_pl_leading_sad_20	pl	reply	leading	['sad']	pl	0.9033203125	True	0.06451612903225806	2	31	False	[sad] Pojechałam jeszcze raz do starego mieszkania po ostatnie pudło. Ktoś już przemalował kuchnię. To głupie, ale stojąc w tych drzwiach zrozumiałam, że tak naprawdę nigdy się z tym miejscem nie pożegnałam.	— Co jeszcze? — rozszedł do starego mieszkania po ostatnie pudło. Ktoś już przemalował kuchnię. To głupie, ale stojąc w tych drzwiach zrozumiałam, że tak naprawdę nigdy się z tym miejscem nie pożegnałam.
reply_pl_mid_sad_20	pl	reply	mid	['sad']	pl	0.9892578125	True	0.10344827586206896	3	29	False	Trzymał sklep otwarty przez całą zimę, a [sad] ostatniego dnia wypolerował każdą powierzchnię, zanim odwrócił tabliczkę. Czterdzieści jeden lat, i chciał, żeby wyglądało porządnie dla tego, kto przyjdzie po nim.	Strzyżmał sklep otwarty przez całą zimę, a ostatniego dnia wypolerował każdą powierzchnię, zanim odwrócił tabliczkę. 41 lat i chciał, żeby wyglądało porządnie dla tego, kto przyjdzie po nim.
reply_pl_multi_disbelief_20	pl	reply	multi	['surprised', 'laugh', 'happy']	pl	0.98974609375	True	0.03333333333333333	1	30	False	[surprised] Wyczytali moje nazwisko, a ja naprawdę myślałem, że to pomyłka. [laugh] Faktycznie się odwróciłem sprawdzić, czy nie stoi za mną drugi Tomek. [happy] Nie stał. To było moje nazwisko, na dyplomie też.	Łacitali moje nazwisko, a ja naprawdę myślałem, że to pomyłka. Faktycznie się odwróciłem sprawdzić, czy nie stoi za mną drugi Tomek. Nie stał. To było moje nazwisko. Na dyplomie też.
reply_pl_neutral_22	pl	reply	neutral	[]	pl	0.99609375	True	0.09375	3	32	False	Peron w kierunku północnym jest zamknięty z powodu remontu do końca miesiąca. Pociągi odjeżdżają z toru czwartego, a winda na kładkę jest nieczynna. Dojście bez schodów prowadzi bocznym wejściem od ulicy Młyńskiej.	Torun w Chirunku Północnym jest zamknięty z powodu remontu do końca miesiąca. Pociągi odjeżdżają z toru czwartego, a winda na kładkę jest nieczynna. Dojście bez kłodów prowadzi bocznym wejściem od ulicy Młyńskiej.
chapter_pl_arc_20	pl	chapter	per_sentence	['soft', 'fearful', 'trembling voice', 'surprised', 'happy']	pl	1.0	True	0.058823529411764705	11	187	False	[soft] Latarnia była zautomatyzowana od jedenastu lat, ale w domku latarnika wciąż stały stare meble, i każdej wiosny ktoś z fundacji przypływał sprawdzić dach i przewietrzyć pokoje. [soft] Tamtego roku była to Ruta, bo nikt inny nie chciał się wybierać łodzią, i wylądowała płaskim szarym rankiem, kiedy morze prawie się nie ruszało. [fearful] Drugiego popołudnia znalazła dziennik, wciśnięty za spuchniętą szufladę, a ostatni wpis nosił datę trzy tygodnie po dniu, w którym latarnia miała już stać pusta. [trembling voice] Pismo u góry strony było jeszcze spokojne, a na dole zdecydowanie mniej spokojne, i opisywało noc takiej pogody, jakiej według zapisów z lądu nigdy nie było. [fearful] Przeczytała wpis dwa razy, odłożyła zeszyt i bardzo wyraźnie uświadomiła sobie, jak daleko jest łódź i że jedynym innym dźwiękiem są mewy. [surprised] Potem przewróciła stronę i znalazła drugi charakter pisma, staranny i bez pośpiechu, wyjaśniający, że pierwszym piszącym był jej dziadek, że sztorm rzeczywiście się wydarzył, a ląd po prostu zgubił dokumentację. [happy] Ruta siedziała na progu z otwartą księgą na kolanach, dopóki nie zaczęło się ściemniać, i czytała człowieka, którego nigdy nie poznała, opisującego morze, które sama tego ranka przepłynęła. Dach, uznała, może poczekać jeszcze jeden dzień.	Latarnia była zautomatyzowana od 11 lat, ale w domku latarnika wciąż stały stare meble i każdej wiosny ktoś z fundacji przypływał sprawdzić dach i przewietrzyć pokoje. Tamtego roku była to ruta, bo nikt inny nie chciał się wybierać łodzią i wylądowała płaskim szarym rankiem, kiedy morze prawie się nie ruszało. Drugiego popołudnia znalazła dziennik, wciśnięty za spuchniętą szufladę, a ostatni wpis nosił datę 3 tygodnie po dniu, w którym latarnia miała już stać pusta. Pismo u góry strony było jeszcze spokojne, a na dole zdecydowanie mniej spokojne i opisywało noc takiej pogody, jakiej według zapisów z lądu nigdy nie było. Przeczytała wpis dwa razy, odłożyła zeszyt i bardzo wyraźnie uświadomiła sobie, jak daleko jest łódź i że jedynym innym dźwiękiem są mywy. Potem przywróciła stronę i znalazła drugi charakter pisma, starany i bez pośpiechu wyjaśniający, że pierwszym piszącym był jej dziadek, że storm rzeczywiście się wydarzył, a ląd po prostu zgubił dokumentację. Druta siedziała na próbie. Została na drogu z otwartą księgą na kolanach, dopóki nie zaczęło się ściemniać i czytała człowieka, którego nigdy nie poznała, opisującego morze, które sama tego ranka przepłynęła. Dach uznała może poczekać jeszcze jeden dzień.
reply_pl_special_breath_30	pl	reply	special	['breathing heavily']	pl	0.92333984375	True	0.26666666666666666	8	30	False	Ostatni kilometr przebiegłem stanowczo za szybko, bo widziałem zegar nad metą, i minąłem ją z dziewięcioma sekundami zapasu [breathing heavily] a potem przez jakąś minutę nie byłem w stanie z nikim rozmawiać.	W celu z żadnych kilometrów przebiegłem stanowco za szybko, bo widziałam zegar nad metą i minąłem ją z 9 sekundami zapasu, a potem przez jakąś minutę nie byłem w stanie z nikim rozmawiać.
reply_pl_trailing_happy_20	pl	reply	trailing	['happy']	pl	0.98779296875	True	0.0	0	32	False	Nauczyła się całego utworu ze słuchu przez jeden weekend, a potem zagrała go przy kolacji, nie mówiąc nikomu, że ćwiczyła. Jej dziadek nie powiedział ani słowa, siedział tylko z ręką przy ustach. [happy]	Nauczyła się całego utworu ze słuchu przez jeden weekend, a potem zagrała go przy kolacji, nie mówiąc nikomu, że ćwiczyła. Jej dziadek nie powiedział ani słowa, siedział tylko z ręką przy ustach.
reply_pl_leading_angry_20	pl	reply	leading	['angry']	pl	0.9658203125	True	0.14285714285714285	4	28	False	[angry] Skasowali cały projekt dwulinijkowym mailem. Osiem miesięcy pracy, cztery osoby, i nikt nie uznał, że należy się rozmowa. Nie chodzi mi o samą decyzję, chodzi mi o tchórzostwo.	Skasowali cały projekt dwulinikowym mailem, 8 miesięcy pracy, 4 osoby i nikt nie uznał, że należy się rozmowa, nie chodzi mi o samą decyzję, chodzi mi o ciurostwo.
reply_pl_mid_angry_20	pl	reply	mid	['angry']	pl	0.99072265625	True	0.0	0	33	False	Prosiłam o ten raport w poniedziałek, prosiłam jeszcze raz w środę, i [angry] dziś rano dowiaduję się, że był gotowy od początku i leżał w czyichś kopiach roboczych. To nie jest problem z terminami.	Prosiłam o ten raport w poniedziałek, prosiłam jeszcze raz w środę i dziś rano dowiaduję się, że był gotowy od początku i leżał w czyichś kopiach roboczych. To nie jest problem z terminami.
reply_pl_multi_tense_hopeful_30	pl	reply	multi	['trembling voice', 'soft', 'excited']	pl	0.98486328125	True	0.25806451612903225	8	31	False	[trembling voice] Silnik nie chciał zapalić, a byliśmy czterdzieści kilometrów od najbliższego miasteczka. [soft] Usiadłem na zderzaku i próbowałem spokojnie to przemyśleć. [excited] A potem zza zakrętu wyjechał rolnik z kablami rozruchowymi na siedzeniu pasażera.	Cyklikę je chciał zapalić, abyśmy 40 kilometrów od mojżesznego miasteczka. Usiadłem na zersaku i próbowałem spokojnie to przemyśleć. A potem za zakrętu wyjechał rolnik z kablami rozruchowymi na siedzeniu pasażera.
chapter_pl_arc_21	pl	chapter	per_sentence	['excited', 'angry', 'sad', 'soft', 'happy']	pl	0.99853515625	True	0.03225806451612903	6	186	False	[excited] Piekarnia otworzyła się we wtorek bez szyldu nad drzwiami, bo szyld się spóźnił, a o dziewiątej rano kolejka i tak sięgała do rogu. [excited] Wieść chodziła po osiedlu od dwóch tygodni, a połowa ludzi w tej kolejce widziała przez okno, jak Dembe co wieczór po swojej zmianie szoruje to miejsce. [angry] O jedenastej przyszedł inspektor z urzędu i oznajmił, że wentylacja nie ma odbioru, że dokumenty obiecane mu w marcu nigdy nie zostały złożone, i że musi zamknąć. [angry] Dembe spokojnie zauważył, że dzwonił do urzędu sześć razy, że ma segregator z datowanymi pismami, i że kolejka na zewnątrz w tym czasie dalej rośnie. [sad] Nic to nie dało. Wyłączył piec w południe, wyszedł na chodnik i wyjaśnił jakimś sześćdziesięciu osobom, że jednak nie będzie chleba. [soft] Starsza pani z przodu powiedziała, że w takim razie przyjdzie w czwartek, a mężczyzna za nią powiedział to samo, i tak poszło wzdłuż całej kolejki, aż ulica ucichła. [soft] Popołudnie spędził wśród stygnących blach, z otwartym segregatorem przed sobą, pisząc siódme pismo, staranniej niż pierwszych sześć. [happy] Odbiór przyszedł w piątek następnego tygodnia, a kiedy w sobotę rano otworzył drzwi, kolejka już stała, i była dłuższa.	Klikarnia otworzyła się we wtorek bez szyldu nad drzwiami, bo szyld się spóźnił, a o dziewiątej rano kolejka i tak sięgała do rogu. Wieść chodziła po osiedlu od dwóch tygodni, a połowa ludzi w tej kolejce widziała przez okno, jak Dęby co wieczór po swojej zmianie szoruje to miejsce. O jedenastej przyszedł inspektor z urzędu i oznajmił, że wentylacja nie ma odbioru, że dokumenty obiecane mu w marcu nigdy nie zostały złożone i że musi zamknąć. Dęby spokojnie zauważył, że dzwonił do urzędu sześć razy, że ma segregator z datowanymi pismami i że kolejka na zewnątrz w tym czasie dalej rośnie. Nic to nie dało. Wyłączył piec w południe, wyszedł na chodnik i wyjaśnił jakimś sześćdziesięciu osobom, że jednak nie będzie chleba. Starsza pani z przodu powiedziała, że w takim razie przyjdzie w czwartek, a mężczyzna za nią powiedział to samo i tak poszło wzdłuż całej kolejki, aż ulica ucichła. Po południe spędził wśród stygnących blach z otwartym segregatorem przed sobą. Pisząc siódme pismo, starannie niż pierwszych sześć. Odbiór przyszedł w piątek następnego tygodnia, a kiedy w sobotę rano otworzył drzwi, kolejka już stała i była dłuższa.
reply_pl_trailing_trembling_20	pl	reply	trailing	['trembling voice']	pl	0.99658203125	True	0.0	0	26	False	Miałem całą mowę spisaną, ćwiczyłem ją w samochodzie, a potem wstałem, spojrzałem na nich wszystkich patrzących na mnie i każde jedno słowo wyleciało mi z głowy. [trembling voice]	Miałem całą mowę spisaną, ćwiczyłem ją w samochodzie, a potem wstałem, spojrzałem na nich wszystkich patrzących na mnie i każde jedno słowo wyleciało mi z głowy.
reply_pl_leading_soft_20	pl	reply	leading	['soft']	pl	0.98095703125	True	0.13043478260869565	3	23	False	[soft] Zasnęła jakieś dziesięć minut po rozpoczęciu filmu, wciąż z pilotem w ręce. Nie chciałem jej budzić, więc tylko ściszyłem i obejrzałem resztę sam.	Zaznęła jakieś 10 minut po rozpoczęciu filmu, wciąż z pilotem w ręce, nie chciałem jej budzić, więc tylko ściszyłem i obejrzałem restę sam.
reply_pl_mid_gasp_20	pl	reply	mid	['gasp']	pl	0.99609375	True	0.08695652173913043	2	23	False	Sięgnął na samo dno skrzynki po klucz i [gasp] wyciągnął zegarek swojego dziadka, ten, który rodzina uznała za zaginiony przy przeprowadzce trzydzieści lat temu.	Cygnął na samo dno skrzynki po klucz i wyciągnął zegarek swojego dziadka, ten, który rodzina uznała za zaginiony przy przeprowadzce 30 lat temu.
chapter_pl_arc_22	pl	chapter	per_sentence	['soft', 'sad', 'angry', 'trembling voice', 'happy']	pl	0.99462890625	True	0.03910614525139665	7	179	False	[soft] Moja babcia zachowała każdy list, który dziadek przysłał jej z morza, po kolei, w puszce po ciastkach, która do końca swoich dni pachniała lekko imbirem. [soft] Czytała je na zmianę, po kilka każdej zimy, i nigdy żadnego nikomu nie przeczytała na głos. [sad] Kiedy umarła, puszka trafiła do mojej ciotki, a ciotka wstawiła ją razem z meblami do magazynu pod Warszawą, a potem magazyn opróżniono. [angry] Nikt nas nie zawiadomił. Firma wysłała zawiadomienie na adres, który ciotka opuściła cztery lata wcześniej, odczekała ustawowy termin i zutylizowała zawartość całkowicie zgodnie z prawem. [angry] Spędziłem tydzień na telefonach, słuchając uprzejmie i wielokrotnie, że wszystko odbyło się prawidłowo, co było prawdą i nie pomagało zupełnie. [trembling voice] Nie mogłem przejść nad tym do porządku, że te listy przetrwały dwie wojny, dziewięć przeprowadzek i powódź, a przepadły przez nieotwartą kopertę. [soft] A potem w marcu moja kuzynka znalazła cztery z nich w śpiewniku, który trafił do innej krewnej, nieprzeczytane, wsunięte płasko pod tylną okładkę. [happy] Cztery z pewnie dwustu. Jeszcze tego samego popołudnia sfotografowaliśmy każdą stronę, zgraliśmy wszystko w dwóch miejscach i wysłaliśmy wydruk każdemu w rodzinie, kto mógłby go chcieć.	Młoda bacia zakawała każdy list, który dziadek przysłał jej z morza, po kolei, w puszce po ciastkach, która do końca swoich dni pachniała lekko imbirem. Czytała je na zmianę, po kilka każdej zimy i nigdy żadnego nikomu nie przeczytała na głos. Kiedy umarła, puszka trafiła do mojej ciotki, a ciotka wstawiła ją razem z meblami do magazynu pod Warszawą, a potem magazyn opróżniono. Nikt nas nie zawiadomił. Firma wysłała zawiadomienie na adres, który ciotka opuściła cztery lata wcześniej, oczekała ustawowy termin i zutylizowała zawartość całkowicie zgodnie z prawem. Spędziłem tydzień na telefonach, słuchając uprzemie i wielokrotnie, że wszystko odbyło się prawidłowo, co było prawdą i nie pomagało zupełnie. Nie mogłem przejść na tym do porządku, że te listy przetrwały dwie wojny, dziewięć przeprowadzek i powódź, a przepadły przez nieotwartą kopertę. A potem w marcu moja kuzynka znalazła cztery z nich w śpiewniku, który trafił do innej kremnej, nieprzeczytane, wsunięte płasko pod tylną okładkę. Cztery z pewnie dwustu. Jeszcze tego samego popołudnia sfotografowaliśmy każdą stronę, zgraliśmy wszystko w dwóch miejscach i wysłaliśmy wydruk każdemu w rodzinie, kto mógłby go chcieć.
reply_pl_trailing_soft_20	pl	reply	trailing	['soft']	pl	0.97998046875	True	0.2	4	20	False	Wracaliśmy drogą wzdłuż portu, łodzie cicho uderzały o pomosty, i żadne z nas długo nic nie mówiło. Nie trzeba było. [soft]	Rakaliśmy drogą w stół sportu, łodzie cicho uderzały o pomosty i żadne z nas długo nic nie mówiło. Nie trzeba było.
reply_pl_leading_fearful_20	pl	reply	leading	['fearful']	pl	0.986328125	True	0.11538461538461539	3	26	False	[fearful] Na całej ulicy naraz zgasło światło. Żadnego szumu lodówki, żadnych latarni, zupełnie nic. A potem usłyszałam, jak otwiera się furtka, i przypomniałam sobie, że ją zamykałam.	Z takiej naraz zgasło światło, żadnego szumu, lodówki, żadnych latarni, zupełnie nic, a potem usłyszałam jak otwiera się furtka i przypomniałam sobie, że ją zamykałam.
reply_pl_mid_soft_20	pl	reply	mid	['soft']	pl	0.962890625	True	0.13043478260869565	3	23	False	Położna pokazała nam, jak go trzymać, jedna dłoń pod główką, a [soft] potem wszyscy wyszli z sali i po raz pierwszy byliśmy we trójkę.	Przez to Azren pokazała nam jak go trzymać, jedna dłoń pod główką, a potem wszyscy wyszli z sali i po raz pierwszy byliśmy we trójkę.
chapter_pl_arc_23	pl	chapter	per_sentence	['fearful', 'fast', 'surprised', 'soft', 'laugh']	pl	0.99951171875	True	0.03205128205128205	5	156	False	[fearful] Alarm przeciwpożarowy włączył się o czwartej nad ranem, w hotelu, w którym nikt z nas nie mówił w miejscowym języku, a oznaczenia na korytarzu były, delikatnie mówiąc, niejednoznaczne. [fast] Otworzyłem drzwi, wyciągnąłem brata z drugiego łóżka, złapałem paszporty z biurka, bo najwyraźniej moje ręce uznały, że to jest teraz najważniejsze, i zeszliśmy jedenaście pięter boso. [fast] Pół budynku stało już na parkingu, owinięte w kołdry, i nikt nie mógł znaleźć nikogo z obsługi, kogo dałoby się zapytać. [surprised] Po jakichś dwudziestu minutach wyszła bardzo spokojna pracowniczka i wyjaśniła starannym angielskim, że gość z czwartego piętra palił pod czujnikiem, i że w żadnym momencie się nie paliło. [soft] Zapadła długa cisza, w której czterysta osób to przetwarzało. [soft] Potem ktoś z tyłu zaczął się śmiać, i w jakieś dziesięć sekund rozeszło się to po całym parkingu. [laugh] Mój brat spojrzał na to, co trzyma w ręce, czyli na pilota od telewizora, i nie potrafił wyjaśnić ani mnie, ani sobie, po co go zabrał.	Alarm przeciwpożarowy włączył się o czwartej nad ranem w hotelu, w którym nikt z nas nie mówił w miejscowym języku, a oznaczenia na korytarzu były, delikatnie mówiąc, niejednoznaczne. Otworzyłem drzwi, wyciągnąłem brata z drugiego łóżka, złapałem paszporty z biurka, bo najwyraźniej moje ręce uznały, że to jest teraz najważniejsze i zeszliśmy 11 pięter boso. Pół budynku stało już na parkingu, owinięte w kołdry i nikt nie mógł znaleźć nikogo z obsługi, kogo dałoby się zapytać. O jakichś 20 minutach wyszła bardzo spokojna pracowniczka i wyjaśniła starannym angielskim, że gość z czwartego piętra palił pod czujnikiem i że w żadnym momencie się nie paliło. Zapadła długa cisza, w której 400 osób to przetwarzało. Potem ktoś z tyłu zaczął się śmiać i w jakieś 10 sekund rozeszło się to po całym parkingu. Mój brat spojrzał na to, co trzyma w ręce, czyli na pilota od telewizora i nie potrafił wyjaśnić ani mnie, ani sobie, po co go zabrał.
reply_pl_trailing_surprised_30	pl	reply	trailing	['surprised']	pl	0.96875	True	0.17857142857142858	5	28	False	Zarezerwowaliśmy najtańszy pokój w całym obiekcie, na samym tyle, bez widoku, bez balkonu. Przy zameldowaniu bez słowa dali nam wyższy standard, a zorientowałem się dopiero, kiedy odsunąłem zasłony. [surprised]	W celi złorowaliśmy najtańszy pokój w całym obiekcie, na samym tule, bez widoku, bez balkonu. Przy zameldowaniu bez słowa dali nam wyższy standard, a zorientowałem się dopiero kiedy odsunąłem zasłonę.
reply_pl_leading_whispers_20	pl	reply	leading	['whispers']	pl	0.998046875	True	0.07142857142857142	2	28	False	[whispers] Jeszcze się nie ruszaj. Na skraju polany stoi sarna, zaraz za tą przewróconą brzozą, i jeszcze nas nie zauważyła. Jeśli będziemy zupełnie cicho, może wyjdzie za nią młode.	Wszyscy się nie ruszaj. Na skraju polany stoi sarna. Zaraz za tą przewróconą brzozą. I jeszcze nas nie zauważyła. Jeśli będziemy zupełnie cicho, może wyjdzie za nią młody.
reply_pl_mid_chuckle_30	pl	reply	mid	['chuckle']	pl	0.96533203125	True	0.03571428571428571	1	28	False	Upierał się, że sam naprawił kran, pokazał mi nawet paragon za części, i [chuckle] w momencie, w którym go odkręciłam, całość została mi w ręce i trafiła w sufit.	Ufierał się, że sam naprawił kran, pokazał mi nawet paragon za części i w momencie, w którym go odkręciłam, całość została mi w ręce i trafiła w sufit.
chapter_pl_arc_24	pl	chapter	per_sentence	['soft', 'excited', 'angry', 'sad', 'happy']	pl	0.99609375	True	0.08287292817679558	15	181	False	[soft] Świetlica była zarezerwowana pod wystawę od stycznia, jedna długa sala ze złym oświetleniem i podłogą, która widziała czterdzieści lat badmintona. [excited] Priya przez trzy miesiące zbierała fotografie, chodziła od drzwi do drzwi i pożyczała albumy od ludzi, którzy nigdy nikomu spoza rodziny ich nie pokazywali. [excited] Do piątku na ścianach wisiało dwieście jedenaście odbitek, ułożonych dekadami, a na końcu stał stół dla każdego, kto chciał dopisać ołówkiem podpis. [angry] W sobotę rano zarząd świetlicy oznajmił jej, że był inspektor przeciwpożarowy, że plansze zasłaniają drugie wyjście i że wszystko ze ściany wschodniej musi zniknąć przed otwarciem. [angry] To było sześćdziesiąt fotografii, całe lata siedemdziesiąte, a ludzie z tych zdjęć przychodzili na jedenastą. [sad] Zdjęła je sama, jedną po drugiej, i ułożyła w stos na scenie, licem do góry, tam gdzie nikt ich nie zobaczy. [soft] Potem jakiś nieznajomy zapytał, co jest w tym stosie, wysłuchał całej historii i wyszedł do swojego busa. [happy] Wrócił z ośmioma składanymi sztalugami z firmy ślubnej swojej siostry, i pięć po jedenastej całe lata siedemdziesiąte stały na środku sali, tak że ludzie musieli je obchodzić, co wszyscy uznali potem za rozwiązanie od początku lepsze.	Swietlicka była zarezerwowana pod wystawę od stycznia. Jedna długo sala ze złym oświetleniem i podłogą, która widziała 40 lat badmintona. Priya przez trzy miesiące zbierała fotografie, chodziła od drosi do drosi i pożyczała albumy od ludzi, którzy nigdy nikomu spoza rodziny ich nie pokazywali. Do piątku na ścianach wisiało 211 odbitek ułożonych dekadami, a na końcu stał stół dla każdego, kto chciał dopisać ołówkiem podpis. W sobotę rano zarząd świetlicy oznajmił jej, że był inspektor przeciwpożarowy, że plansze zasłaniają drugie wyjście i że wszystko ze ściany wschodniej musi zniknąć przed otwarciem. To było 60 fotografii całe lata 70., a ludzie z tych zdjęć przychodzili na 11. Zdjęła je sama, jedną po drugiej i ułożyła w stos na scenie, licem do góry, tam gdzie nikt ich nie zobaczy. Potem jakiś nieznajomy zapytał, co jest w tym stosie, wysłuchał całej historii i wyszedł do swojego busa. Wrócił z ośmioma składanymi. Został z tymi sztalugami z firmy ślubnej swojej siostry i pięć po 11 całe lata 70. stały na środku sali, tak że ludzie musieli je obchodzić, co wszyscy uznali potem za rozwiązanie od początku lepsze.
reply_pl_leading_sarcastic_20	pl	reply	leading	['sarcastic']	pl	0.9921875	True	0.06451612903225806	2	31	False	[sarcastic] Doskonałe wyczucie czasu. Ogrzewanie wysiada dokładnie w tygodniu, w którym robi się zimno, hydraulik może najwcześniej w czwartek, a infolinia alarmowa odtwarza mi komunikat o tym, jak bardzo mnie sobie cenią.	Doskonałe wyczucie czasu. Ugrzewanie wysiada dokładnie w tygodniu, w którym robi się zimno. Hydraulik może najwcześniej w czwartek, a infolinia alarmowa otwarza mi komunikat o tym, jak bardzo mnie sobie cenią.
reply_pl_mid_whispers_31	pl	reply	mid	['whispers']	pl	0.9873046875	True	0.041666666666666664	1	24	False	Weszliśmy do zakrystii, żeby przeczekać deszcz, i [whispers] okazało się, że w środku ktoś już od godziny ćwiczy na organach, zupełnie sam, przy zgaszonych światłach.	Weźliśmy do zakrystii, żeby przeczekać deszcz i okazało się, że w środku ktoś już od godziny ćwiczy na organach, zupełnie sam przy zgaszonych światłach.
reply_pl_leading_fast_20	pl	reply	leading	['fast']	pl	0.99560546875	True	0.1935483870967742	6	31	False	[fast] Dobra, słuchaj, spotkanie przesunięte na jedenastą, na slajdach dalej są liczby z zeszłego kwartału, Priya stoi na obwodnicy, i ktoś musi uprzedzić klienta, zanim się połączy i zobaczy nie tę prezentację.	Chcecie nic dobre? Słuchaj, spotkanie przesunięte na 11 na slajdach, dalej są liczby z zeszłego kwartału, Priya stoi na obwodnicy i ktoś musi uprzeć klienta zanim się połączy i zobaczy nie tą prezentację.
reply_pl_leading_happy_30	pl	reply	leading	['happy']	pl	0.9736328125	True	0.13333333333333333	4	30	False	[happy] Działka w tym roku wreszcie się opłaciła. Wróciliśmy po dwóch tygodniach, spodziewając się dżungli, a tam fasola weszła na tyczki, pomidory same się zaczerwieniły, a sąsiedzi bez proszenia wszystko podlewali.	Cyjanka w Szomorokie wreszcie się opłaciła. Wróciliśmy po dwóch tygodniach spodziewając się dżungli, a tam fasola weszła na tyczki, pomidory sami się zaczerwieniły, a sąsiedzi bez proszenia wszystko podlewali.
reply_pl_leading_soft_31	pl	reply	leading	['soft']	pl	0.9970703125	True	0.03333333333333333	1	30	False	[soft] Zostawiła klucze na parapecie, tak jak zawsze, i list oparty o czajnik. Nie było w nim nic dramatycznego, po prostu podziękowanie za wszystkie te lata i prośba, żeby podlewać fikusa.	Zostawiła klucze na parapecie, tak jak zawsze, i list oparty o cajnik. Nie było w nim nic dramatycznego, po prostu podziękowanie za wszystkie te lata i prośba, żeby podlewać fikusa.
